project_id,team_id,owner_id,name,project_type,status,created_at,due_date,team_name,owner_name,owner_email
0fb27504-dcf,ea48aae5-02e,7de33623-499,Customer Success - Aggregate Dot-Com Convergence,campaign,active,2025-11-04 10:13:23,2025-12-15,Customer Success - Success,Andrea King,andrea.king_4343@techflow.io
0ae745fa-385,447c3970-766,8fef2c81-897,Customer Success - Architect B2B Models,campaign,active,2025-11-22 10:13:23,2026-01-24,Customer Success - Support Tier 1,Timothy Hill,timothy.hill_835@techflow.io
9d45ba4c-7a8,447c3970-766,8fef2c81-897,Customer Success - Cultivate Out-Of-The-Box Synerg,campaign,active,2025-07-15 10:13:23,2025-10-06,Customer Success - Support Tier 1,Timothy Hill,timothy.hill_835@techflow.io
e45b87ef-cb3,447c3970-766,8fef2c81-897,Customer Success - Embrace Bleeding-Edge Applicati,campaign,active,2025-11-08 10:13:23,2026-01-31,Customer Success - Support Tier 1,Timothy Hill,timothy.hill_835@techflow.io
7fbb2a29-184,19266f47-16b,ea20a3f6-c28,Customer Success - Facilitate Best-Of-Breed Relati,campaign,active,2025-09-04 10:13:23,2025-10-20,Customer Success - Onboarding,Jessica Holmes,jessica.holmes_50@techflow.io
d4597aa8-9cc,4f88a4bf-228,bf871f71-a0d,Customer Success - Harness Cross-Media Models,campaign,active,2025-10-16 10:13:23,2025-12-26,Customer Success - Support Tier 2,Chelsea Nguyen,chelsea.nguyen_782@techflow.io
3d60f403-3ea,ea48aae5-02e,7de33623-499,Customer Success - Innovate Enterprise Methodologi,campaign,on_hold,2025-11-29 10:13:23,2026-02-15,Customer Success - Success,Andrea King,andrea.king_4343@techflow.io
47739fd2-320,4f88a4bf-228,bf871f71-a0d,Customer Success - Integrate Value-Added Platforms,campaign,completed,2025-08-16 10:13:23,2025-10-23,Customer Success - Support Tier 2,Chelsea Nguyen,chelsea.nguyen_782@techflow.io
f4c21ecb-b3b,19266f47-16b,ea20a3f6-c28,Customer Success - Repurpose End-To-End Technologi,campaign,active,2025-07-14 10:13:23,2025-08-21,Customer Success - Onboarding,Jessica Holmes,jessica.holmes_50@techflow.io
ace0de86-a9e,4f88a4bf-228,bf871f71-a0d,Customer Success - Revolutionize Next-Generation I,campaign,active,2025-12-11 10:13:23,2026-02-04,Customer Success - Support Tier 2,Chelsea Nguyen,chelsea.nguyen_782@techflow.io
e33a849f-fdc,8a12194e-da8,6c96ea09-d89,Design - Aggregate Visionary Experiences,campaign,active,2025-07-23 10:13:23,2025-09-25,Design - Brand Design,Darryl Richardson,darryl.richardson_4470@techflow.io
a1c2c33f-7a6,30b05e5d-432,77ec92b6-ec0,Design - Disintermediate Proactive Vortals,campaign,completed,2025-08-27 10:13:23,2025-10-10,Design - Product Design,Henry Taylor,henry.taylor_1510@techflow.io
a277c707-ffc,9574e848-5c2,b5efbba6-464,Design - Monetize Ubiquitous Portals,campaign,active,2025-10-19 10:13:23,2025-11-28,Design - UX Research,Juan Parker,juan.parker_2103@techflow.io
8ed18dd8-d17,8a12194e-da8,6c96ea09-d89,Design - Optimize Impactful Models,campaign,active,2025-09-22 10:13:23,2025-12-10,Design - Brand Design,Darryl Richardson,darryl.richardson_4470@techflow.io
03e66773-e2b,8a12194e-da8,6c96ea09-d89,Design - Seize Enterprise Architectures,campaign,active,2025-09-10 10:13:23,2025-11-13,Design - Brand Design,Darryl Richardson,darryl.richardson_4470@techflow.io
4a8f5396-8c3,30b05e5d-432,77ec92b6-ec0,Design - Strategize Cross-Media Schemas,campaign,on_hold,2025-09-01 10:13:23,2025-10-10,Design - Product Design,Henry Taylor,henry.taylor_1510@techflow.io
e1118d37-056,8a12194e-da8,6c96ea09-d89,Design - Strategize Turn-Key Eyeballs,campaign,active,2025-10-27 10:13:23,2025-12-17,Design - Brand Design,Darryl Richardson,darryl.richardson_4470@techflow.io
dcd11262-da7,9574e848-5c2,b5efbba6-464,Design - Syndicate Wireless E-Business,campaign,active,2025-09-17 10:13:23,2025-11-13,Design - UX Research,Juan Parker,juan.parker_2103@techflow.io
698b16e7-de9,8a12194e-da8,6c96ea09-d89,Design - Visualize Granular Technologies,campaign,active,2025-12-03 10:13:23,2026-02-05,Design - Brand Design,Darryl Richardson,darryl.richardson_4470@techflow.io
d01f081e-e8f,8a12194e-da8,6c96ea09-d89,Design - Whiteboard Value-Added Partnerships,campaign,active,2025-09-03 10:13:23,2025-10-29,Design - Brand Design,Darryl Richardson,darryl.richardson_4470@techflow.io
4e3b6cd7-f57,9e9fece7-309,33ef0c18-9bd,Engineering - Architect User-Centric Interfaces,campaign,active,2025-12-18 10:13:23,2026-02-04,Engineering - DevOps,Margaret Erickson,margaret.erickson_1783@techflow.io
87aab413-eec,a43e8fb1-de2,1581552c-a17,Engineering - Benchmark Magnetic Portals,campaign,on_hold,2025-08-11 10:13:23,2025-10-13,Engineering - Frontend,Shirley Suarez,shirley.suarez_86@techflow.io
19bdd36a-35d,9e9fece7-309,33ef0c18-9bd,Engineering - Cultivate Frictionless Info-Mediarie,campaign,active,2025-08-07 10:13:23,2025-10-12,Engineering - DevOps,Margaret Erickson,margaret.erickson_1783@techflow.io
c68cfb9b-952,9ea4e08c-62c,4985a78b-039,Engineering - Deliver Killer Info-Mediaries,campaign,active,2025-08-02 10:13:23,2025-10-22,Engineering - Data,Zachary Mckay,zachary.mckay_5738@techflow.io
0bd415f5-fef,28b93a7f-d85,3658927f-bbc,Engineering - E-Enable Dynamic Schemas,campaign,active,2025-12-26 10:13:23,2026-03-04,Engineering - Mobile,Lisa Randall,lisa.randall_568@techflow.io
edce300d-17e,28b93a7f-d85,3658927f-bbc,Engineering - E-Enable Seamless Deliverables,campaign,completed,2025-07-26 10:13:23,2025-09-29,Engineering - Mobile,Lisa Randall,lisa.randall_568@techflow.io
761cb616-890,9e9fece7-309,33ef0c18-9bd,Engineering - Embrace Open-Source Supply-Chains,campaign,active,2025-12-14 10:13:23,2026-02-04,Engineering - DevOps,Margaret Erickson,margaret.erickson_1783@techflow.io
181cf273-28a,a8ad4827-42d,df1f4b81-fb8,Engineering - Engineer Cutting-Edge Initiatives,campaign,active,2025-12-16 10:13:23,2026-03-14,Engineering - QA,Aaron Diaz,aaron.diaz_5107@techflow.io
42bc6aa8-df5,8a2d6e6a-eed,15fb105b-f67,Engineering - Expedite Rich Architectures,campaign,completed,2025-11-26 10:13:23,2026-01-13,Engineering - Backend,Sergio Hodge,sergio.hodge_4707@techflow.io
ee2069fa-aad,9e9fece7-309,33ef0c18-9bd,Engineering - Extend B2B Portals,campaign,active,2025-11-16 10:13:23,2026-01-29,Engineering - DevOps,Margaret Erickson,margaret.erickson_1783@techflow.io
afc0f76c-e49,28b93a7f-d85,3658927f-bbc,Engineering - Generate Strategic Channels,campaign,active,2025-09-16 10:13:23,2025-11-11,Engineering - Mobile,Lisa Randall,lisa.randall_568@techflow.io
c242e8de-95f,9ea4e08c-62c,4985a78b-039,Engineering - Generate User-Centric Technologies,campaign,active,2025-12-20 10:13:23,2026-03-14,Engineering - Data,Zachary Mckay,zachary.mckay_5738@techflow.io
bf92dd78-78c,a43e8fb1-de2,1581552c-a17,Engineering - Incentivize User-Centric Metrics,campaign,active,2025-09-19 10:13:23,2025-11-30,Engineering - Frontend,Shirley Suarez,shirley.suarez_86@techflow.io
1d291514-913,28b93a7f-d85,3658927f-bbc,Engineering - Incubate Synergistic Synergies,campaign,completed,2025-10-14 10:13:23,2025-11-13,Engineering - Mobile,Lisa Randall,lisa.randall_568@techflow.io
b544bde4-df5,9e9fece7-309,33ef0c18-9bd,Engineering - Incubate Visionary Infrastructures,campaign,active,2025-08-25 10:13:23,2025-11-18,Engineering - DevOps,Margaret Erickson,margaret.erickson_1783@techflow.io
0a555ea1-a7d,9e9fece7-309,33ef0c18-9bd,Engineering - Leverage Revolutionary Content,campaign,active,2025-11-01 10:13:23,2025-12-03,Engineering - DevOps,Margaret Erickson,margaret.erickson_1783@techflow.io
3ca7245c-b8e,28b93a7f-d85,3658927f-bbc,Engineering - Leverage Vertical Interfaces,campaign,active,2025-11-13 10:13:23,2026-01-23,Engineering - Mobile,Lisa Randall,lisa.randall_568@techflow.io
ce37e87e-2d8,8a2d6e6a-eed,15fb105b-f67,Engineering - Matrix Global Web-Readiness,campaign,on_hold,2025-08-26 10:13:23,2025-11-11,Engineering - Backend,Sergio Hodge,sergio.hodge_4707@techflow.io
eb6c7adb-c27,488ab045-b1f,141a7ae6-647,Engineering - Optimize Cross-Media Networks,campaign,on_hold,2025-11-15 10:13:23,2026-01-09,Engineering - Security,Brian Martin,brian.martin_606@techflow.io
095a0e0a-393,9ea4e08c-62c,4985a78b-039,Engineering - Orchestrate Intuitive Channels,campaign,on_hold,2025-09-02 10:13:23,2025-11-22,Engineering - Data,Zachary Mckay,zachary.mckay_5738@techflow.io
79f437ed-ba6,488ab045-b1f,141a7ae6-647,Engineering - Orchestrate Scalable E-Markets,campaign,active,2025-10-06 10:13:23,2025-11-21,Engineering - Security,Brian Martin,brian.martin_606@techflow.io
4512286a-209,8a2d6e6a-eed,15fb105b-f67,Engineering - Reinvent Collaborative Experiences,campaign,on_hold,2025-12-07 10:13:23,2026-02-15,Engineering - Backend,Sergio Hodge,sergio.hodge_4707@techflow.io
8a035b96-29b,488ab045-b1f,141a7ae6-647,Engineering - Reinvent Wireless Architectures,campaign,active,2025-08-03 10:13:23,2025-10-01,Engineering - Security,Brian Martin,brian.martin_606@techflow.io
3ddd6b38-53b,28b93a7f-d85,3658927f-bbc,Engineering - Synergize Front-End Experiences,campaign,completed,2025-10-30 10:13:23,2025-12-18,Engineering - Mobile,Lisa Randall,lisa.randall_568@techflow.io
8c746c29-315,a43e8fb1-de2,1581552c-a17,Engineering - Synthesize E-Business Experiences,campaign,active,2025-12-10 10:13:23,2026-02-03,Engineering - Frontend,Shirley Suarez,shirley.suarez_86@techflow.io
ac228e45-91b,9e9fece7-309,33ef0c18-9bd,Engineering - Target Virtual Initiatives,campaign,active,2025-09-21 10:13:23,2025-11-02,Engineering - DevOps,Margaret Erickson,margaret.erickson_1783@techflow.io
46926bcd-bbb,9e9fece7-309,33ef0c18-9bd,Engineering - Transform Wireless Metrics,campaign,active,2025-08-17 10:13:23,2025-09-17,Engineering - DevOps,Margaret Erickson,margaret.erickson_1783@techflow.io
10c6e1c3-ade,a43e8fb1-de2,1581552c-a17,Engineering - Transform World-Class Users,campaign,completed,2025-08-26 10:13:23,2025-10-14,Engineering - Frontend,Shirley Suarez,shirley.suarez_86@techflow.io
9d053cb3-cd0,9068b4b3-d93,66920b74-8a2,Finance - Enable B2C Web-Readiness,campaign,active,2025-07-25 10:13:23,2025-10-17,Finance - Procurement,Charles Hernandez,charles.hernandez_1715@techflow.io
40a04a7f-392,9068b4b3-d93,66920b74-8a2,Finance - Envisioneer Viral Action-Items,campaign,on_hold,2025-12-24 10:13:23,2026-02-25,Finance - Procurement,Charles Hernandez,charles.hernandez_1715@techflow.io
c8350324-bf2,99c15e7e-b12,618d51ae-cad,Finance - Evolve Front-End Eyeballs,campaign,completed,2025-11-02 10:13:23,2025-12-10,Finance - Accounting,Francisco Woodward,francisco.woodward_6268@techflow.io
e4ea9864-2bd,9068b4b3-d93,66920b74-8a2,Finance - Exploit Cutting-Edge Initiatives,campaign,on_hold,2025-12-11 10:13:23,2026-01-19,Finance - Procurement,Charles Hernandez,charles.hernandez_1715@techflow.io
302805cd-9d4,99c15e7e-b12,618d51ae-cad,Finance - Incubate Synergistic Applications,campaign,on_hold,2025-10-11 10:13:23,2025-11-14,Finance - Accounting,Francisco Woodward,francisco.woodward_6268@techflow.io
d0694b28-70e,99c15e7e-b12,618d51ae-cad,Finance - Iterate Frictionless Models,campaign,active,2025-10-31 10:13:23,2026-01-12,Finance - Accounting,Francisco Woodward,francisco.woodward_6268@techflow.io
6d51ffdb-d4e,99c15e7e-b12,618d51ae-cad,Finance - Iterate Web-Enabled Solutions,campaign,active,2025-12-10 10:13:23,2026-01-17,Finance - Accounting,Francisco Woodward,francisco.woodward_6268@techflow.io
f6a3795d-82e,9068b4b3-d93,66920b74-8a2,Finance - Leverage Front-End Channels,campaign,completed,2025-11-05 10:13:23,2025-12-20,Finance - Procurement,Charles Hernandez,charles.hernandez_1715@techflow.io
7f69443e-7dc,9068b4b3-d93,66920b74-8a2,Finance - Productize Next-Generation Partnerships,campaign,active,2025-09-08 10:13:23,2025-11-02,Finance - Procurement,Charles Hernandez,charles.hernandez_1715@techflow.io
dd21196d-8d6,7ca7db20-8b6,70a7853d-638,Finance - Repurpose Enterprise Web-Readiness,campaign,completed,2025-10-16 10:13:23,2025-12-19,Finance - FP&A,Lindsey Gray,lindsey.gray_2874@techflow.io
d27ed9fc-bd2,7ca7db20-8b6,70a7853d-638,Finance - Seize Leading-Edge Users,campaign,active,2025-10-08 10:13:23,2025-12-13,Finance - FP&A,Lindsey Gray,lindsey.gray_2874@techflow.io
b1318810-da0,9068b4b3-d93,66920b74-8a2,Finance - Streamline One-To-One Supply-Chains,campaign,active,2025-09-07 10:13:23,2025-11-22,Finance - Procurement,Charles Hernandez,charles.hernandez_1715@techflow.io
1b2165ef-243,99c15e7e-b12,618d51ae-cad,Finance - Synergize Open-Source E-Markets,campaign,completed,2025-12-20 10:13:23,2026-03-10,Finance - Accounting,Francisco Woodward,francisco.woodward_6268@techflow.io
4883a1f4-8a8,3ccb5671-b77,d926da20-a6a,HR - Aggregate Distributed Methodologies,campaign,on_hold,2025-11-09 10:13:23,2026-01-21,HR - Recruiting,Dana Bennett,dana.bennett_747@techflow.io
86a5673e-cc1,27ef1096-b7c,db0e4462-b68,HR - Aggregate Holistic Initiatives,campaign,active,2025-10-27 10:13:23,2025-12-31,HR - People Ops,Gregory Martin,gregory.martin_5637@techflow.io
4432de36-7ed,27ef1096-b7c,db0e4462-b68,HR - Cultivate Dynamic Eyeballs,campaign,active,2025-07-21 10:13:23,2025-09-29,HR - People Ops,Gregory Martin,gregory.martin_5637@techflow.io
cd97c916-51b,3ccb5671-b77,d926da20-a6a,HR - Embrace Seamless E-Commerce,campaign,active,2025-12-18 10:13:23,2026-01-27,HR - Recruiting,Dana Bennett,dana.bennett_747@techflow.io
396bd7d5-33f,ff8d51d7-eaa,a2aff9df-792,HR - Engage Cutting-Edge Functionalities,campaign,active,2025-09-09 10:13:23,2025-10-24,HR - L&D,Maria Williams,maria.williams_5760@techflow.io
c926e203-7f6,27ef1096-b7c,db0e4462-b68,HR - Envisioneer Cutting-Edge Communities,campaign,active,2025-08-12 10:13:23,2025-10-31,HR - People Ops,Gregory Martin,gregory.martin_5637@techflow.io
d91d02a0-207,3ccb5671-b77,d926da20-a6a,HR - Generate Mission-Critical Experiences,campaign,completed,2025-11-21 10:13:23,2026-02-17,HR - Recruiting,Dana Bennett,dana.bennett_747@techflow.io
a880baf0-060,3ccb5671-b77,d926da20-a6a,HR - Harness Web-Enabled Eyeballs,campaign,completed,2025-07-11 10:13:23,2025-09-20,HR - Recruiting,Dana Bennett,dana.bennett_747@techflow.io
6d09dd3d-518,ff8d51d7-eaa,a2aff9df-792,HR - Incentivize Collaborative Functionalities,campaign,completed,2025-11-10 10:13:23,2026-01-24,HR - L&D,Maria Williams,maria.williams_5760@techflow.io
6974a07e-1db,27ef1096-b7c,db0e4462-b68,HR - Incentivize Proactive Channels,campaign,completed,2025-08-04 10:13:23,2025-09-18,HR - People Ops,Gregory Martin,gregory.martin_5637@techflow.io
4c4246ce-481,27ef1096-b7c,db0e4462-b68,HR - Mesh Cutting-Edge Paradigms,campaign,on_hold,2025-11-26 10:13:23,2026-02-22,HR - People Ops,Gregory Martin,gregory.martin_5637@techflow.io
97ebccd8-223,27ef1096-b7c,db0e4462-b68,HR - Optimize End-To-End Networks,campaign,active,2025-09-15 10:13:23,2025-11-12,HR - People Ops,Gregory Martin,gregory.martin_5637@techflow.io
84ac0cb6-eed,ff8d51d7-eaa,a2aff9df-792,HR - Redefine Front-End E-Commerce,campaign,on_hold,2025-09-24 10:13:23,2025-11-15,HR - L&D,Maria Williams,maria.williams_5760@techflow.io
d51b94ec-44e,27ef1096-b7c,db0e4462-b68,HR - Synergize Magnetic Paradigms,campaign,active,2025-07-18 10:13:23,2025-08-27,HR - People Ops,Gregory Martin,gregory.martin_5637@techflow.io
d17e995a-387,ff8d51d7-eaa,a2aff9df-792,HR - Transform 24/7 Content,campaign,active,2025-08-22 10:13:23,2025-11-05,HR - L&D,Maria Williams,maria.williams_5760@techflow.io
1f354a17-853,3ccb5671-b77,d926da20-a6a,HR - Utilize Seamless Platforms,campaign,active,2025-11-02 10:13:23,2025-12-03,HR - Recruiting,Dana Bennett,dana.bennett_747@techflow.io
18b6155e-d81,fbc3bb64-d92,cf46397d-656,Legal - Brand Customized Methodologies,campaign,active,2025-10-28 10:13:23,2026-01-08,Legal - Compliance,Anna Higgins,anna.higgins_2954@techflow.io
83b5434e-43a,7a561f79-62e,acf8d4b6-02f,Legal - Facilitate Leading-Edge Convergence,campaign,on_hold,2025-12-18 10:13:23,2026-03-03,Legal - Legal,Jesse Brooks,jesse.brooks_2593@techflow.io
6e2b2255-953,7a561f79-62e,acf8d4b6-02f,Legal - Redefine Best-Of-Breed E-Services,campaign,active,2025-09-22 10:13:23,2025-11-24,Legal - Legal,Jesse Brooks,jesse.brooks_2593@techflow.io
2e3fbb05-be2,4bf6542f-8a1,bac0302d-258,Marketing - E-Enable Web-Enabled Eyeballs,campaign,on_hold,2025-11-27 10:13:23,2026-01-04,Marketing - Brand,Stacy Taylor,stacy.taylor_2639@techflow.io
ef112ead-856,f01d211d-225,f894a554-262,Marketing - Expedite Holistic Infrastructures,campaign,completed,2025-11-19 10:13:23,2025-12-22,Marketing - Events,Ashley Stevens,ashley.stevens_1981@techflow.io
c2b90699-9aa,9a138c3a-82b,ecbf4f89-276,Marketing - Generate Cross-Platform Methodologies,campaign,active,2025-12-09 10:13:23,2026-02-09,Marketing - Content,Stephanie Livingston,stephanie.livingston_4512@techflow.io
ff9a3a70-3d8,f5bf7d99-7d8,98d9d0f2-d61,Marketing - Generate Rich Functionalities,campaign,active,2025-09-03 10:13:23,2025-10-15,Marketing - Demand Gen,Heather Williams,heather.williams_2288@techflow.io
ee56318e-3bd,f5bf7d99-7d8,98d9d0f2-d61,Marketing - Grow Magnetic Relationships,campaign,active,2025-07-25 10:13:23,2025-09-19,Marketing - Demand Gen,Heather Williams,heather.williams_2288@techflow.io
d8a99f26-4aa,9a138c3a-82b,ecbf4f89-276,Marketing - Incentivize Global Eyeballs,campaign,active,2025-11-27 10:13:23,2026-02-13,Marketing - Content,Stephanie Livingston,stephanie.livingston_4512@techflow.io
605441a5-5e6,9a138c3a-82b,ecbf4f89-276,Marketing - Integrate Virtual Infrastructures,campaign,active,2025-10-12 10:13:23,2025-12-24,Marketing - Content,Stephanie Livingston,stephanie.livingston_4512@techflow.io
f780e4b7-51b,c14ea585-522,98fff59b-6fb,Marketing - Leverage Efficient Communities,campaign,active,2025-12-02 10:13:23,2026-01-02,Marketing - Product Marketing,Steven Martin,steven.martin_4270@techflow.io
cf24508b-dd4,4bf6542f-8a1,bac0302d-258,Marketing - Matrix Scalable Convergence,campaign,active,2025-12-07 10:13:23,2026-02-05,Marketing - Brand,Stacy Taylor,stacy.taylor_2639@techflow.io
08076c24-ce8,f01d211d-225,f894a554-262,Marketing - Synergize Plug-And-Play Bandwidth,campaign,active,2025-07-24 10:13:23,2025-09-23,Marketing - Events,Ashley Stevens,ashley.stevens_1981@techflow.io
7fdf743e-b1a,f01d211d-225,f894a554-262,Marketing - Synthesize 24/365 Methodologies,campaign,completed,2025-08-09 10:13:23,2025-09-22,Marketing - Events,Ashley Stevens,ashley.stevens_1981@techflow.io
1e03eef6-533,f01d211d-225,f894a554-262,Marketing - Synthesize Transparent Supply-Chains,campaign,on_hold,2025-08-03 10:13:23,2025-09-22,Marketing - Events,Ashley Stevens,ashley.stevens_1981@techflow.io
e61afd8d-64c,c14ea585-522,98fff59b-6fb,Marketing - Utilize Bricks-And-Clicks Technologies,campaign,active,2025-11-29 10:13:23,2026-02-16,Marketing - Product Marketing,Steven Martin,steven.martin_4270@techflow.io
90344459-f75,9a138c3a-82b,ecbf4f89-276,Marketing - Visualize Magnetic Web-Readiness,campaign,on_hold,2025-09-16 10:13:23,2025-11-17,Marketing - Content,Stephanie Livingston,stephanie.livingston_4512@techflow.io
b524ff0c-dd0,a23f8204-7cc,13d6316a-43b,Operations - Drive Plug-And-Play Channels,campaign,completed,2025-10-16 10:13:23,2026-01-01,Operations - Rev Ops,Robin Young,robin.young_400@techflow.io
125b447e-d8b,0426cfba-f6b,78b74b88-7c3,Operations - Drive Strategic E-Tailers,campaign,on_hold,2025-12-04 10:13:23,2026-01-28,Operations - Data Ops,Joshua Reed,joshua.reed_6637@techflow.io
cc903da1-12c,0426cfba-f6b,78b74b88-7c3,Operations - Empower Vertical Channels,campaign,on_hold,2025-10-02 10:13:23,2025-12-27,Operations - Data Ops,Joshua Reed,joshua.reed_6637@techflow.io
9261558c-b6e,c70c8716-7b5,1cd166f8-139,Operations - Enable Cutting-Edge Deliverables,campaign,active,2025-07-15 10:13:23,2025-09-30,Operations - IT,Ann Parker,ann.parker_5831@techflow.io
13747398-a69,c70c8716-7b5,1cd166f8-139,Operations - Envisioneer Rich Bandwidth,campaign,active,2025-10-08 10:13:23,2025-12-12,Operations - IT,Ann Parker,ann.parker_5831@techflow.io
7951399a-65f,a23f8204-7cc,13d6316a-43b,Operations - Envisioneer Scalable Bandwidth,campaign,on_hold,2025-12-07 10:13:23,2026-02-17,Operations - Rev Ops,Robin Young,robin.young_400@techflow.io
d45cae26-3df,c70c8716-7b5,1cd166f8-139,Operations - Extend Mission-Critical Paradigms,campaign,active,2025-08-02 10:13:23,2025-10-16,Operations - IT,Ann Parker,ann.parker_5831@techflow.io
77d4d22e-721,c70c8716-7b5,1cd166f8-139,Operations - Facilitate Intuitive Methodologies,campaign,completed,2025-08-03 10:13:23,2025-09-04,Operations - IT,Ann Parker,ann.parker_5831@techflow.io
46b8f253-220,0426cfba-f6b,78b74b88-7c3,Operations - Iterate Turn-Key Solutions,campaign,active,2025-10-10 10:13:23,2025-11-11,Operations - Data Ops,Joshua Reed,joshua.reed_6637@techflow.io
26cfa833-e58,a23f8204-7cc,13d6316a-43b,Operations - Maximize Intuitive Supply-Chains,campaign,active,2025-11-21 10:13:23,2025-12-26,Operations - Rev Ops,Robin Young,robin.young_400@techflow.io
9582422a-c67,a23f8204-7cc,13d6316a-43b,Operations - Morph Customized Relationships,campaign,on_hold,2025-12-23 10:13:23,2026-03-03,Operations - Rev Ops,Robin Young,robin.young_400@techflow.io
2aab49ca-878,c70c8716-7b5,1cd166f8-139,Operations - Morph Front-End Info-Mediaries,campaign,completed,2025-08-16 10:13:23,2025-10-09,Operations - IT,Ann Parker,ann.parker_5831@techflow.io
cda80bea-9da,0426cfba-f6b,78b74b88-7c3,Operations - Optimize Out-Of-The-Box Convergence,campaign,active,2025-07-18 10:13:23,2025-09-11,Operations - Data Ops,Joshua Reed,joshua.reed_6637@techflow.io
c0614226-45a,0426cfba-f6b,78b74b88-7c3,Operations - Re-Contextualize Back-End E-Services,campaign,active,2025-10-03 10:13:23,2025-12-15,Operations - Data Ops,Joshua Reed,joshua.reed_6637@techflow.io
5248134e-6be,0426cfba-f6b,78b74b88-7c3,Operations - Reinvent Bleeding-Edge Vortals,campaign,active,2025-09-16 10:13:23,2025-11-25,Operations - Data Ops,Joshua Reed,joshua.reed_6637@techflow.io
e8153154-61d,a23f8204-7cc,13d6316a-43b,Operations - Repurpose B2B E-Business,campaign,active,2025-12-04 10:13:23,2026-01-16,Operations - Rev Ops,Robin Young,robin.young_400@techflow.io
e8c21e1c-0b4,a23f8204-7cc,13d6316a-43b,Operations - Synergize Compelling Functionalities,campaign,completed,2025-07-11 10:13:23,2025-09-27,Operations - Rev Ops,Robin Young,robin.young_400@techflow.io
91e26cb4-504,c70c8716-7b5,1cd166f8-139,Operations - Transform Web-Enabled Synergies,campaign,on_hold,2025-12-01 10:13:23,2026-02-06,Operations - IT,Ann Parker,ann.parker_5831@techflow.io
71372085-983,47315dd4-843,1cf553fd-fd4,Product - Aggregate Viral Channels,campaign,on_hold,2025-07-14 10:13:23,2025-10-05,Product - Growth,Thomas Mcgrath,thomas.mcgrath_4324@techflow.io
98fb50a6-a9c,47315dd4-843,1cf553fd-fd4,Product - Benchmark Leading-Edge Channels,campaign,active,2025-09-12 10:13:23,2025-10-16,Product - Growth,Thomas Mcgrath,thomas.mcgrath_4324@techflow.io
f7f88f90-2ca,47315dd4-843,1cf553fd-fd4,Product - Benchmark Scalable Platforms,campaign,completed,2025-10-08 10:13:23,2025-12-06,Product - Growth,Thomas Mcgrath,thomas.mcgrath_4324@techflow.io
571f985e-a25,2cd2869c-008,567e2508-bfd,Product - Cultivate Cross-Media E-Services,campaign,active,2025-08-12 10:13:23,2025-11-09,Product - Analytics,Austin Perez,austin.perez_7327@techflow.io
a9dbcc26-433,217da21a-2fe,555be63c-c6f,Product - Empower Strategic Bandwidth,campaign,active,2025-08-27 10:13:23,2025-11-08,Product - Platform,Christopher Parker,christopher.parker_232@techflow.io
6d76a18e-e61,217da21a-2fe,555be63c-c6f,Product - Enable Revolutionary Platforms,campaign,active,2025-10-05 10:13:23,2025-12-12,Product - Platform,Christopher Parker,christopher.parker_232@techflow.io
c26dc42e-f13,2cd2869c-008,567e2508-bfd,Product - Envisioneer Web-Enabled Vortals,campaign,completed,2025-07-22 10:13:23,2025-10-17,Product - Analytics,Austin Perez,austin.perez_7327@techflow.io
549b708d-1dd,2cd2869c-008,567e2508-bfd,Product - Extend Compelling Web Services,campaign,active,2025-09-23 10:13:23,2025-11-28,Product - Analytics,Austin Perez,austin.perez_7327@techflow.io
dfa3d457-640,217da21a-2fe,555be63c-c6f,Product - Extend Real-Time Mindshare,campaign,active,2025-08-23 10:13:23,2025-11-21,Product - Platform,Christopher Parker,christopher.parker_232@techflow.io
7bed6ff8-794,46b21eaa-efa,194c7dc9-fe1,Product - Generate Out-Of-The-Box Applications,campaign,active,2025-11-23 10:13:23,2026-01-29,Product - Core Product,Melissa Patel MD,melissa.patel.md_2387@techflow.io
ac22100e-158,47315dd4-843,1cf553fd-fd4,Product - Iterate Revolutionary Roi,campaign,on_hold,2025-09-15 10:13:23,2025-10-26,Product - Growth,Thomas Mcgrath,thomas.mcgrath_4324@techflow.io
b5fb535b-860,2cd2869c-008,567e2508-bfd,Product - Leverage E-Business Experiences,campaign,active,2025-09-09 10:13:23,2025-11-29,Product - Analytics,Austin Perez,austin.perez_7327@techflow.io
4c99a173-f5a,217da21a-2fe,555be63c-c6f,Product - Mesh Sticky Niches,campaign,active,2025-12-03 10:13:23,2026-01-27,Product - Platform,Christopher Parker,christopher.parker_232@techflow.io
3e3dd3fa-ba9,47315dd4-843,1cf553fd-fd4,Product - Orchestrate Mission-Critical E-Services,campaign,completed,2025-09-28 10:13:23,2025-11-26,Product - Growth,Thomas Mcgrath,thomas.mcgrath_4324@techflow.io
41784fc9-ea7,47315dd4-843,1cf553fd-fd4,Product - Productize Rich E-Tailers,campaign,active,2025-09-19 10:13:23,2025-11-07,Product - Growth,Thomas Mcgrath,thomas.mcgrath_4324@techflow.io
5d5de0cb-28c,2cd2869c-008,567e2508-bfd,Product - Re-Contextualize Web-Enabled E-Commerce,campaign,active,2025-10-07 10:13:23,2025-12-27,Product - Analytics,Austin Perez,austin.perez_7327@techflow.io
dbc3e59a-d14,47315dd4-843,1cf553fd-fd4,Product - Re-Intermediate Granular Functionalities,campaign,completed,2025-08-30 10:13:23,2025-10-27,Product - Growth,Thomas Mcgrath,thomas.mcgrath_4324@techflow.io
261c48e9-7c0,2cd2869c-008,567e2508-bfd,Product - Redefine Open-Source Paradigms,campaign,active,2025-11-17 10:13:23,2026-01-16,Product - Analytics,Austin Perez,austin.perez_7327@techflow.io
66d3a929-370,47315dd4-843,1cf553fd-fd4,Product - Scale Efficient Partnerships,campaign,active,2025-11-29 10:13:23,2026-01-25,Product - Growth,Thomas Mcgrath,thomas.mcgrath_4324@techflow.io
d19689e7-9d1,217da21a-2fe,555be63c-c6f,Product - Strategize 24/365 E-Markets,campaign,active,2025-07-25 10:13:23,2025-09-09,Product - Platform,Christopher Parker,christopher.parker_232@techflow.io
bfb33166-8df,47315dd4-843,1cf553fd-fd4,Product - Syndicate Interactive E-Markets,campaign,active,2025-08-14 10:13:23,2025-11-06,Product - Growth,Thomas Mcgrath,thomas.mcgrath_4324@techflow.io
bbf21f1b-70a,2cd2869c-008,567e2508-bfd,Product - Synergize Bricks-And-Clicks E-Business,campaign,on_hold,2025-08-19 10:13:23,2025-11-17,Product - Analytics,Austin Perez,austin.perez_7327@techflow.io
ee847509-cf4,2cd2869c-008,567e2508-bfd,Product - Synergize Value-Added Supply-Chains,campaign,on_hold,2025-08-31 10:13:23,2025-10-13,Product - Analytics,Austin Perez,austin.perez_7327@techflow.io
465836d4-795,47315dd4-843,1cf553fd-fd4,Product - Visualize Impactful Functionalities,campaign,on_hold,2025-11-21 10:13:23,2026-01-18,Product - Growth,Thomas Mcgrath,thomas.mcgrath_4324@techflow.io
5812ca13-95e,217da21a-2fe,555be63c-c6f,Product - Visualize Innovative Applications,campaign,active,2025-10-16 10:13:23,2026-01-13,Product - Platform,Christopher Parker,christopher.parker_232@techflow.io
8cdd6874-ba8,87014924-42c,474587e3-d7d,Sales - Drive Customized Applications,campaign,active,2025-08-23 10:13:23,2025-10-28,Sales - Partnerships,Benjamin Mosley,benjamin.mosley_5874@techflow.io
42d7d353-71c,330edaf7-32b,269db0a5-85d,Sales - Drive World-Class Web-Readiness,campaign,active,2025-07-23 10:13:23,2025-10-16,Sales - SMB,Wesley Jensen MD,wesley.jensen.md_2042@techflow.io
9c587fc0-ca3,9e13efb2-976,af4911f7-d49,Sales - E-Enable Cross-Platform Action-Items,campaign,on_hold,2025-07-12 10:13:23,2025-10-10,Sales - SDR,Chad Rivera,chad.rivera_5082@techflow.io
fbd6b885-c50,330edaf7-32b,269db0a5-85d,Sales - Envisioneer Customized Schemas,campaign,active,2025-10-13 10:13:23,2025-11-18,Sales - SMB,Wesley Jensen MD,wesley.jensen.md_2042@techflow.io
46ccd7d3-e4a,bde22508-5f7,6fa73f5b-a17,Sales - Extend Bleeding-Edge Web Services,campaign,active,2025-09-15 10:13:23,2025-10-30,Sales - Enterprise,Scott Brown,scott.brown_4126@techflow.io
f83fffae-8c7,330edaf7-32b,269db0a5-85d,Sales - Facilitate Enterprise Technologies,campaign,active,2025-12-06 10:13:23,2026-01-23,Sales - SMB,Wesley Jensen MD,wesley.jensen.md_2042@techflow.io
4cc5b925-784,bde22508-5f7,6fa73f5b-a17,Sales - Harness Value-Added Users,campaign,on_hold,2025-09-16 10:13:23,2025-11-06,Sales - Enterprise,Scott Brown,scott.brown_4126@techflow.io
04bfd366-73e,bde22508-5f7,6fa73f5b-a17,Sales - Implement Front-End Convergence,campaign,active,2025-08-24 10:13:23,2025-10-01,Sales - Enterprise,Scott Brown,scott.brown_4126@techflow.io
d1e40262-65c,87014924-42c,474587e3-d7d,Sales - Implement Transparent Applications,campaign,active,2025-08-09 10:13:23,2025-09-08,Sales - Partnerships,Benjamin Mosley,benjamin.mosley_5874@techflow.io
3e37de9e-9bf,bde22508-5f7,6fa73f5b-a17,Sales - Incubate Impactful Web Services,campaign,active,2025-10-27 10:13:23,2025-12-26,Sales - Enterprise,Scott Brown,scott.brown_4126@techflow.io
022265dd-7f6,87014924-42c,474587e3-d7d,Sales - Reinvent Magnetic Infrastructures,campaign,active,2025-09-12 10:13:23,2025-11-30,Sales - Partnerships,Benjamin Mosley,benjamin.mosley_5874@techflow.io
bc99a959-7ba,bde22508-5f7,6fa73f5b-a17,Sales - Utilize Sticky Interfaces,campaign,active,2025-12-10 10:13:23,2026-02-14,Sales - Enterprise,Scott Brown,scott.brown_4126@techflow.io
f4737aeb-a5a,bde22508-5f7,6fa73f5b-a17,Sales - Visualize 24/365 Markets,campaign,active,2025-10-04 10:13:23,2025-12-24,Sales - Enterprise,Scott Brown,scott.brown_4126@techflow.io
62493468-485,bde22508-5f7,6fa73f5b-a17,Sales - Visualize Integrated Solutions,campaign,active,2025-11-15 10:13:23,2026-01-09,Sales - Enterprise,Scott Brown,scott.brown_4126@techflow.io
e73e031c-cae,447c3970-766,8fef2c81-897,Customer Success - Incubate Next-Generation Conver,kanban,active,2025-10-10 10:13:23,2025-12-18,Customer Success - Support Tier 1,Timothy Hill,timothy.hill_835@techflow.io
f1fdd127-00b,447c3970-766,8fef2c81-897,Customer Success - Leverage Revolutionary Synergie,kanban,on_hold,2025-08-19 10:13:23,2025-10-18,Customer Success - Support Tier 1,Timothy Hill,timothy.hill_835@techflow.io
fd6b8822-7e5,447c3970-766,8fef2c81-897,Customer Success - Mesh Distributed Mindshare,kanban,completed,2025-09-27 10:13:23,2025-12-03,Customer Success - Support Tier 1,Timothy Hill,timothy.hill_835@techflow.io
c18a41c3-efb,ea48aae5-02e,7de33623-499,Customer Success - Orchestrate Cross-Platform E-Ta,kanban,active,2025-07-27 10:13:23,2025-09-18,Customer Success - Success,Andrea King,andrea.king_4343@techflow.io
49d3c25b-412,447c3970-766,8fef2c81-897,Customer Success - Productize Best-Of-Breed Delive,kanban,completed,2025-12-08 10:13:23,2026-03-08,Customer Success - Support Tier 1,Timothy Hill,timothy.hill_835@techflow.io
02521ba1-f53,ea48aae5-02e,7de33623-499,Customer Success - Re-Contextualize Web-Enabled In,kanban,on_hold,2025-09-19 10:13:23,2025-11-16,Customer Success - Success,Andrea King,andrea.king_4343@techflow.io
b50f291a-06a,ea48aae5-02e,7de33623-499,Customer Success - Revolutionize Rich Roi,kanban,active,2025-07-24 10:13:23,2025-08-24,Customer Success - Success,Andrea King,andrea.king_4343@techflow.io
f8ad563a-b3b,ea48aae5-02e,7de33623-499,Customer Success - Scale Cross-Platform Users,kanban,active,2025-08-08 10:13:23,2025-10-10,Customer Success - Success,Andrea King,andrea.king_4343@techflow.io
550780cc-02b,447c3970-766,8fef2c81-897,Customer Success - Seize B2C Deliverables,kanban,active,2025-10-13 10:13:23,2025-11-17,Customer Success - Support Tier 1,Timothy Hill,timothy.hill_835@techflow.io
42694fa9-dc7,447c3970-766,8fef2c81-897,Customer Success - Seize Scalable Solutions,kanban,active,2025-09-10 10:13:23,2025-11-10,Customer Success - Support Tier 1,Timothy Hill,timothy.hill_835@techflow.io
5e16bec2-c31,447c3970-766,8fef2c81-897,Customer Success - Syndicate Mission-Critical Mind,kanban,active,2025-10-29 10:13:23,2025-12-12,Customer Success - Support Tier 1,Timothy Hill,timothy.hill_835@techflow.io
458ef616-d39,ea48aae5-02e,7de33623-499,Customer Success - Synergize Magnetic Convergence,kanban,on_hold,2025-10-30 10:13:23,2025-12-05,Customer Success - Success,Andrea King,andrea.king_4343@techflow.io
778fb152-021,9574e848-5c2,b5efbba6-464,Design - Benchmark One-To-One Web Services,kanban,completed,2025-11-27 10:13:23,2026-02-21,Design - UX Research,Juan Parker,juan.parker_2103@techflow.io
e2474185-641,8a12194e-da8,6c96ea09-d89,Design - Maximize Web-Enabled Experiences,kanban,active,2025-10-11 10:13:23,2025-11-30,Design - Brand Design,Darryl Richardson,darryl.richardson_4470@techflow.io
3376cd87-e78,30b05e5d-432,77ec92b6-ec0,Design - Syndicate Integrated E-Commerce,kanban,active,2025-12-04 10:13:23,2026-02-03,Design - Product Design,Henry Taylor,henry.taylor_1510@techflow.io
0b9e849e-30b,30b05e5d-432,77ec92b6-ec0,Design - Synthesize Global Web Services,kanban,active,2025-10-16 10:13:23,2025-11-27,Design - Product Design,Henry Taylor,henry.taylor_1510@techflow.io
96fdeb9d-fde,8a12194e-da8,6c96ea09-d89,Design - Transition Visionary Portals,kanban,active,2025-09-14 10:13:23,2025-12-09,Design - Brand Design,Darryl Richardson,darryl.richardson_4470@techflow.io
6443749b-612,30b05e5d-432,77ec92b6-ec0,Design - Utilize Intuitive Technologies,kanban,active,2025-10-16 10:13:23,2026-01-10,Design - Product Design,Henry Taylor,henry.taylor_1510@techflow.io
66a5cc52-0e1,a8ad4827-42d,df1f4b81-fb8,Engineering - Disintermediate Magnetic Portals,kanban,on_hold,2025-10-07 10:13:23,2025-11-20,Engineering - QA,Aaron Diaz,aaron.diaz_5107@techflow.io
85a69027-c10,a8ad4827-42d,df1f4b81-fb8,Engineering - Disintermediate Seamless Portals,kanban,active,2025-09-24 10:13:23,2025-12-15,Engineering - QA,Aaron Diaz,aaron.diaz_5107@techflow.io
7a94e893-766,488ab045-b1f,141a7ae6-647,Engineering - Enable End-To-End Web-Readiness,kanban,on_hold,2025-10-10 10:13:23,2025-12-13,Engineering - Security,Brian Martin,brian.martin_606@techflow.io
c9540974-d06,a8ad4827-42d,df1f4b81-fb8,Engineering - Engage Clicks-And-Mortar Technologie,kanban,completed,2025-09-21 10:13:23,2025-11-01,Engineering - QA,Aaron Diaz,aaron.diaz_5107@techflow.io
d17986b0-59f,28b93a7f-d85,3658927f-bbc,Engineering - Engage Transparent Bandwidth,kanban,completed,2025-09-20 10:13:23,2025-11-09,Engineering - Mobile,Lisa Randall,lisa.randall_568@techflow.io
c12cdfda-54e,a8ad4827-42d,df1f4b81-fb8,Engineering - Engineer Robust E-Tailers,kanban,active,2025-10-26 10:13:23,2025-11-30,Engineering - QA,Aaron Diaz,aaron.diaz_5107@techflow.io
976bc08f-f82,a8c6983a-5a6,2c5cc694-1bc,Engineering - Expedite Distributed Convergence,kanban,active,2025-09-29 10:13:23,2025-11-30,Engineering - Platform,Mark Keller,mark.keller_6133@techflow.io
be1fa409-f90,a8ad4827-42d,df1f4b81-fb8,Engineering - Grow B2C Users,kanban,completed,2025-09-22 10:13:23,2025-12-19,Engineering - QA,Aaron Diaz,aaron.diaz_5107@techflow.io
1c872544-14b,8a2d6e6a-eed,15fb105b-f67,Engineering - Grow Value-Added Initiatives,kanban,on_hold,2025-07-20 10:13:23,2025-10-18,Engineering - Backend,Sergio Hodge,sergio.hodge_4707@techflow.io
581112c3-b5a,9e9fece7-309,33ef0c18-9bd,Engineering - Harness End-To-End Info-Mediaries,kanban,completed,2025-07-18 10:13:23,2025-10-13,Engineering - DevOps,Margaret Erickson,margaret.erickson_1783@techflow.io
09b1b534-085,9ea4e08c-62c,4985a78b-039,Engineering - Incentivize Killer Relationships,kanban,active,2025-07-29 10:13:23,2025-10-04,Engineering - Data,Zachary Mckay,zachary.mckay_5738@techflow.io
81e08417-d44,8a2d6e6a-eed,15fb105b-f67,Engineering - Incubate Efficient Roi,kanban,completed,2025-08-29 10:13:23,2025-10-22,Engineering - Backend,Sergio Hodge,sergio.hodge_4707@techflow.io
f7af2254-a0a,a43e8fb1-de2,1581552c-a17,Engineering - Matrix Scalable E-Tailers,kanban,active,2025-08-23 10:13:23,2025-11-21,Engineering - Frontend,Shirley Suarez,shirley.suarez_86@techflow.io
888149d4-a8c,a8c6983a-5a6,2c5cc694-1bc,Engineering - Matrix Value-Added Functionalities,kanban,active,2025-10-13 10:13:23,2025-11-20,Engineering - Platform,Mark Keller,mark.keller_6133@techflow.io
b5668d39-811,8a2d6e6a-eed,15fb105b-f67,Engineering - Morph Innovative Markets,kanban,completed,2025-07-26 10:13:23,2025-10-16,Engineering - Backend,Sergio Hodge,sergio.hodge_4707@techflow.io
03e54a41-691,a43e8fb1-de2,1581552c-a17,Engineering - Redefine Killer Architectures,kanban,active,2025-07-30 10:13:23,2025-10-28,Engineering - Frontend,Shirley Suarez,shirley.suarez_86@techflow.io
f8ea6be3-237,9e9fece7-309,33ef0c18-9bd,Engineering - Reinvent E-Business Systems,kanban,active,2025-08-09 10:13:23,2025-10-02,Engineering - DevOps,Margaret Erickson,margaret.erickson_1783@techflow.io
525ab742-29b,a8ad4827-42d,df1f4b81-fb8,Engineering - Scale Dynamic Systems,kanban,active,2025-12-11 10:13:23,2026-01-21,Engineering - QA,Aaron Diaz,aaron.diaz_5107@techflow.io
bc70518c-b98,a8ad4827-42d,df1f4b81-fb8,Engineering - Synergize Cutting-Edge Schemas,kanban,active,2025-10-01 10:13:23,2025-12-27,Engineering - QA,Aaron Diaz,aaron.diaz_5107@techflow.io
ce322ffd-fcc,28b93a7f-d85,3658927f-bbc,Engineering - Synthesize Bricks-And-Clicks Methodo,kanban,on_hold,2025-09-30 10:13:23,2025-12-16,Engineering - Mobile,Lisa Randall,lisa.randall_568@techflow.io
4e026b89-9df,9e9fece7-309,33ef0c18-9bd,Engineering - Synthesize E-Business Metrics,kanban,completed,2025-08-18 10:13:23,2025-09-25,Engineering - DevOps,Margaret Erickson,margaret.erickson_1783@techflow.io
38c931ca-ac8,9e9fece7-309,33ef0c18-9bd,Engineering - Synthesize Proactive Methodologies,kanban,active,2025-11-08 10:13:23,2025-12-22,Engineering - DevOps,Margaret Erickson,margaret.erickson_1783@techflow.io
68b22fca-c91,8a2d6e6a-eed,15fb105b-f67,Engineering - Whiteboard Bleeding-Edge Experiences,kanban,active,2025-11-16 10:13:23,2026-01-12,Engineering - Backend,Sergio Hodge,sergio.hodge_4707@techflow.io
2cb08ba3-9dc,99c15e7e-b12,618d51ae-cad,Finance - Cultivate End-To-End Web Services,kanban,active,2025-08-28 10:13:23,2025-11-03,Finance - Accounting,Francisco Woodward,francisco.woodward_6268@techflow.io
43ce8e95-41d,99c15e7e-b12,618d51ae-cad,Finance - Empower Viral Deliverables,kanban,active,2025-07-16 10:13:23,2025-10-02,Finance - Accounting,Francisco Woodward,francisco.woodward_6268@techflow.io
5231b0a2-4d5,99c15e7e-b12,618d51ae-cad,Finance - Implement One-To-One Partnerships,kanban,active,2025-11-22 10:13:23,2026-02-06,Finance - Accounting,Francisco Woodward,francisco.woodward_6268@techflow.io
fab4f27c-ed1,99c15e7e-b12,618d51ae-cad,Finance - Morph Plug-And-Play Supply-Chains,kanban,active,2025-10-14 10:13:23,2025-12-15,Finance - Accounting,Francisco Woodward,francisco.woodward_6268@techflow.io
f4eea5de-ffe,7ca7db20-8b6,70a7853d-638,Finance - Reinvent B2B Solutions,kanban,completed,2025-12-23 10:13:23,2026-03-06,Finance - FP&A,Lindsey Gray,lindsey.gray_2874@techflow.io
46fbc818-968,9068b4b3-d93,66920b74-8a2,Finance - Streamline Web-Enabled Partnerships,kanban,completed,2025-08-12 10:13:23,2025-11-01,Finance - Procurement,Charles Hernandez,charles.hernandez_1715@techflow.io
4b3f55df-5bb,27ef1096-b7c,db0e4462-b68,HR - Drive B2C Markets,kanban,active,2025-08-18 10:13:23,2025-11-05,HR - People Ops,Gregory Martin,gregory.martin_5637@techflow.io
81d972e0-4e5,3ccb5671-b77,d926da20-a6a,HR - Mesh Killer E-Markets,kanban,active,2025-07-30 10:13:23,2025-10-26,HR - Recruiting,Dana Bennett,dana.bennett_747@techflow.io
5a30fed3-f5a,3ccb5671-b77,d926da20-a6a,HR - Unleash Efficient Models,kanban,active,2025-11-20 10:13:23,2026-02-01,HR - Recruiting,Dana Bennett,dana.bennett_747@techflow.io
460cdfe6-b96,7a561f79-62e,acf8d4b6-02f,Legal - Deliver Best-Of-Breed Convergence,kanban,completed,2025-07-15 10:13:23,2025-09-28,Legal - Legal,Jesse Brooks,jesse.brooks_2593@techflow.io
ff3eff1b-1ef,fbc3bb64-d92,cf46397d-656,Legal - Envisioneer Granular Metrics,kanban,active,2025-11-03 10:13:23,2026-01-06,Legal - Compliance,Anna Higgins,anna.higgins_2954@techflow.io
3d298e0f-9cf,7a561f79-62e,acf8d4b6-02f,Legal - Innovate B2B Action-Items,kanban,active,2025-10-03 10:13:23,2025-11-15,Legal - Legal,Jesse Brooks,jesse.brooks_2593@techflow.io
4622c092-e1b,fbc3bb64-d92,cf46397d-656,Legal - Optimize Leading-Edge Eyeballs,kanban,completed,2025-12-10 10:13:23,2026-01-22,Legal - Compliance,Anna Higgins,anna.higgins_2954@techflow.io
49df4d36-4b9,fbc3bb64-d92,cf46397d-656,Legal - Re-Intermediate Open-Source Channels,kanban,active,2025-12-28 10:13:23,2026-03-16,Legal - Compliance,Anna Higgins,anna.higgins_2954@techflow.io
9889056f-7a1,7a561f79-62e,acf8d4b6-02f,Legal - Syndicate Dynamic Networks,kanban,active,2025-12-15 10:13:23,2026-02-21,Legal - Legal,Jesse Brooks,jesse.brooks_2593@techflow.io
3406dc0b-8f1,f5bf7d99-7d8,98d9d0f2-d61,Marketing - Deploy Cutting-Edge Relationships,kanban,active,2025-10-28 10:13:23,2025-11-30,Marketing - Demand Gen,Heather Williams,heather.williams_2288@techflow.io
44fda8c6-616,9a138c3a-82b,ecbf4f89-276,Marketing - Envisioneer Customized Initiatives,kanban,active,2025-10-01 10:13:23,2025-12-22,Marketing - Content,Stephanie Livingston,stephanie.livingston_4512@techflow.io
d5133106-539,4bf6542f-8a1,bac0302d-258,Marketing - Facilitate Turn-Key Bandwidth,kanban,active,2025-08-09 10:13:23,2025-10-15,Marketing - Brand,Stacy Taylor,stacy.taylor_2639@techflow.io
0237748c-ccb,4bf6542f-8a1,bac0302d-258,Marketing - Facilitate Viral E-Business,kanban,on_hold,2025-11-12 10:13:23,2026-01-15,Marketing - Brand,Stacy Taylor,stacy.taylor_2639@techflow.io
6323c0ec-b82,f5bf7d99-7d8,98d9d0f2-d61,Marketing - Harness End-To-End Deliverables,kanban,active,2025-09-20 10:13:23,2025-12-13,Marketing - Demand Gen,Heather Williams,heather.williams_2288@techflow.io
6d71b8fe-b8d,c14ea585-522,98fff59b-6fb,Marketing - Harness Visionary Eyeballs,kanban,active,2025-08-07 10:13:23,2025-10-03,Marketing - Product Marketing,Steven Martin,steven.martin_4270@techflow.io
c78ad961-111,f01d211d-225,f894a554-262,Marketing - Iterate Dynamic E-Markets,kanban,active,2025-07-22 10:13:23,2025-09-02,Marketing - Events,Ashley Stevens,ashley.stevens_1981@techflow.io
06d9c980-80f,9a138c3a-82b,ecbf4f89-276,Marketing - Orchestrate B2B Content,kanban,completed,2025-10-25 10:13:23,2025-12-11,Marketing - Content,Stephanie Livingston,stephanie.livingston_4512@techflow.io
9f92a78e-ffb,c14ea585-522,98fff59b-6fb,Marketing - Productize Integrated Supply-Chains,kanban,completed,2025-12-20 10:13:23,2026-02-02,Marketing - Product Marketing,Steven Martin,steven.martin_4270@techflow.io
6b6c7bff-b67,c14ea585-522,98fff59b-6fb,Marketing - Redefine Cross-Media Models,kanban,completed,2025-07-26 10:13:23,2025-09-17,Marketing - Product Marketing,Steven Martin,steven.martin_4270@techflow.io
833d2374-3b0,c14ea585-522,98fff59b-6fb,Marketing - Redefine Intuitive Technologies,kanban,active,2025-08-08 10:13:23,2025-10-06,Marketing - Product Marketing,Steven Martin,steven.martin_4270@techflow.io
48df6d05-92f,f5bf7d99-7d8,98d9d0f2-d61,Marketing - Streamline Bricks-And-Clicks Paradigms,kanban,on_hold,2025-10-05 10:13:23,2025-12-13,Marketing - Demand Gen,Heather Williams,heather.williams_2288@techflow.io
3f3ddde8-ab0,4bf6542f-8a1,bac0302d-258,Marketing - Target Compelling Supply-Chains,kanban,active,2025-10-27 10:13:23,2025-12-16,Marketing - Brand,Stacy Taylor,stacy.taylor_2639@techflow.io
44adef40-d2d,f5bf7d99-7d8,98d9d0f2-d61,Marketing - Unleash Efficient Eyeballs,kanban,active,2025-09-25 10:13:23,2025-11-28,Marketing - Demand Gen,Heather Williams,heather.williams_2288@techflow.io
8b5274bd-3f3,c14ea585-522,98fff59b-6fb,Marketing - Utilize Bricks-And-Clicks Eyeballs,kanban,on_hold,2025-07-19 10:13:23,2025-09-27,Marketing - Product Marketing,Steven Martin,steven.martin_4270@techflow.io
7fc1c212-1aa,c70c8716-7b5,1cd166f8-139,Operations - E-Enable E-Business Applications,kanban,completed,2025-12-08 10:13:23,2026-02-16,Operations - IT,Ann Parker,ann.parker_5831@techflow.io
1c5ab0be-3d5,0426cfba-f6b,78b74b88-7c3,Operations - Embrace Clicks-And-Mortar Content,kanban,active,2025-12-09 10:13:23,2026-01-24,Operations - Data Ops,Joshua Reed,joshua.reed_6637@techflow.io
92e5fa55-9c1,a23f8204-7cc,13d6316a-43b,Operations - Exploit Back-End Roi,kanban,active,2025-10-19 10:13:23,2025-12-09,Operations - Rev Ops,Robin Young,robin.young_400@techflow.io
4c6b8b1e-729,0426cfba-f6b,78b74b88-7c3,Operations - Integrate Rich Niches,kanban,active,2025-10-06 10:13:23,2025-11-25,Operations - Data Ops,Joshua Reed,joshua.reed_6637@techflow.io
62cdd3eb-99e,a23f8204-7cc,13d6316a-43b,Operations - Leverage End-To-End Synergies,kanban,completed,2025-10-05 10:13:23,2025-12-25,Operations - Rev Ops,Robin Young,robin.young_400@techflow.io
0fe430c3-a9e,0426cfba-f6b,78b74b88-7c3,Operations - Scale Vertical E-Business,kanban,active,2025-12-16 10:13:23,2026-02-24,Operations - Data Ops,Joshua Reed,joshua.reed_6637@techflow.io
cfae36ac-d99,c70c8716-7b5,1cd166f8-139,Operations - Seize E-Business Users,kanban,active,2025-11-12 10:13:23,2026-01-06,Operations - IT,Ann Parker,ann.parker_5831@techflow.io
3e641540-3eb,0426cfba-f6b,78b74b88-7c3,Operations - Seize Killer Methodologies,kanban,on_hold,2025-10-29 10:13:23,2026-01-11,Operations - Data Ops,Joshua Reed,joshua.reed_6637@techflow.io
3861c27f-d5a,217da21a-2fe,555be63c-c6f,Product - Aggregate Granular E-Markets,kanban,active,2025-09-23 10:13:23,2025-10-28,Product - Platform,Christopher Parker,christopher.parker_232@techflow.io
c98fed64-4e7,47315dd4-843,1cf553fd-fd4,Product - Disintermediate Collaborative Synergies,kanban,completed,2025-11-03 10:13:23,2026-01-16,Product - Growth,Thomas Mcgrath,thomas.mcgrath_4324@techflow.io
f234cbab-7f7,2cd2869c-008,567e2508-bfd,Product - Enable Next-Generation Vortals,kanban,active,2025-09-07 10:13:23,2025-11-23,Product - Analytics,Austin Perez,austin.perez_7327@techflow.io
372d2fc7-eb6,2cd2869c-008,567e2508-bfd,Product - Grow Revolutionary Infrastructures,kanban,active,2025-08-16 10:13:23,2025-11-05,Product - Analytics,Austin Perez,austin.perez_7327@techflow.io
3e3346a4-b75,2cd2869c-008,567e2508-bfd,Product - Harness E-Business Applications,kanban,on_hold,2025-12-01 10:13:23,2026-01-07,Product - Analytics,Austin Perez,austin.perez_7327@techflow.io
4037d7c8-069,217da21a-2fe,555be63c-c6f,Product - Iterate Clicks-And-Mortar Interfaces,kanban,active,2025-08-30 10:13:23,2025-11-25,Product - Platform,Christopher Parker,christopher.parker_232@techflow.io
dfa91cac-863,47315dd4-843,1cf553fd-fd4,Product - Leverage Efficient Networks,kanban,completed,2025-08-28 10:13:23,2025-10-21,Product - Growth,Thomas Mcgrath,thomas.mcgrath_4324@techflow.io
0d0d21ea-a81,217da21a-2fe,555be63c-c6f,Product - Matrix One-To-One Interfaces,kanban,active,2025-09-06 10:13:23,2025-11-01,Product - Platform,Christopher Parker,christopher.parker_232@techflow.io
a69d4951-937,47315dd4-843,1cf553fd-fd4,Product - Re-Contextualize Robust Eyeballs,kanban,active,2025-09-09 10:13:23,2025-11-03,Product - Growth,Thomas Mcgrath,thomas.mcgrath_4324@techflow.io
e4e62ec1-fd4,47315dd4-843,1cf553fd-fd4,Product - Reinvent Clicks-And-Mortar Bandwidth,kanban,active,2025-07-19 10:13:23,2025-09-06,Product - Growth,Thomas Mcgrath,thomas.mcgrath_4324@techflow.io
e10df4c9-693,217da21a-2fe,555be63c-c6f,Product - Scale B2B Web-Readiness,kanban,active,2025-07-28 10:13:23,2025-09-15,Product - Platform,Christopher Parker,christopher.parker_232@techflow.io
d0f5b3d0-576,47315dd4-843,1cf553fd-fd4,Product - Syndicate Compelling Bandwidth,kanban,active,2025-08-18 10:13:23,2025-11-11,Product - Growth,Thomas Mcgrath,thomas.mcgrath_4324@techflow.io
b1131c0e-734,217da21a-2fe,555be63c-c6f,Product - Whiteboard Dot-Com Metrics,kanban,active,2025-10-29 10:13:23,2026-01-22,Product - Platform,Christopher Parker,christopher.parker_232@techflow.io
27764d26-b6c,47315dd4-843,1cf553fd-fd4,Product - Whiteboard Magnetic Web Services,kanban,completed,2025-09-09 10:13:23,2025-11-12,Product - Growth,Thomas Mcgrath,thomas.mcgrath_4324@techflow.io
3829618c-247,217da21a-2fe,555be63c-c6f,Product - Whiteboard Vertical Architectures,kanban,active,2025-07-30 10:13:23,2025-10-23,Product - Platform,Christopher Parker,christopher.parker_232@techflow.io
4a52b964-733,bde22508-5f7,6fa73f5b-a17,Sales - Deliver Out-Of-The-Box E-Markets,kanban,active,2025-07-31 10:13:23,2025-09-21,Sales - Enterprise,Scott Brown,scott.brown_4126@techflow.io
a047e409-e47,bde22508-5f7,6fa73f5b-a17,Sales - Engineer Efficient Content,kanban,active,2025-11-25 10:13:23,2026-01-14,Sales - Enterprise,Scott Brown,scott.brown_4126@techflow.io
5faf97d6-800,87014924-42c,474587e3-d7d,Sales - Extend 24/365 Web Services,kanban,active,2025-12-09 10:13:23,2026-01-24,Sales - Partnerships,Benjamin Mosley,benjamin.mosley_5874@techflow.io
35ee7d37-f3a,9e13efb2-976,af4911f7-d49,Sales - Extend Bleeding-Edge Infrastructures,kanban,completed,2025-12-21 10:13:23,2026-01-22,Sales - SDR,Chad Rivera,chad.rivera_5082@techflow.io
a72036e3-f6e,87014924-42c,474587e3-d7d,Sales - Grow Next-Generation Infrastructures,kanban,active,2025-09-14 10:13:23,2025-11-10,Sales - Partnerships,Benjamin Mosley,benjamin.mosley_5874@techflow.io
9b5f81a9-bfc,330edaf7-32b,269db0a5-85d,Sales - Grow Real-Time Relationships,kanban,active,2025-10-15 10:13:23,2025-12-30,Sales - SMB,Wesley Jensen MD,wesley.jensen.md_2042@techflow.io
e37ee1ed-afb,bde22508-5f7,6fa73f5b-a17,Sales - Implement Leading-Edge Synergies,kanban,on_hold,2025-11-30 10:13:23,2026-01-26,Sales - Enterprise,Scott Brown,scott.brown_4126@techflow.io
9fd0b821-e39,330edaf7-32b,269db0a5-85d,Sales - Innovate Collaborative Platforms,kanban,on_hold,2025-11-10 10:13:23,2025-12-15,Sales - SMB,Wesley Jensen MD,wesley.jensen.md_2042@techflow.io
37b027fe-4c5,9e13efb2-976,af4911f7-d49,Sales - Innovate Open-Source Users,kanban,active,2025-09-20 10:13:23,2025-10-20,Sales - SDR,Chad Rivera,chad.rivera_5082@techflow.io
206757a8-4c2,e5c8351a-36b,d8572904-910,Sales - Maximize B2C Action-Items,kanban,active,2025-08-16 10:13:23,2025-11-11,Sales - Solutions,Matthew Mcmillan,matthew.mcmillan_90@techflow.io
ca5ee048-f61,330edaf7-32b,269db0a5-85d,Sales - Morph Visionary Mindshare,kanban,active,2025-10-18 10:13:23,2025-11-26,Sales - SMB,Wesley Jensen MD,wesley.jensen.md_2042@techflow.io
b04571a5-c43,330edaf7-32b,269db0a5-85d,Sales - Orchestrate Back-End E-Commerce,kanban,active,2025-09-24 10:13:23,2025-11-06,Sales - SMB,Wesley Jensen MD,wesley.jensen.md_2042@techflow.io
c532b070-16a,bde22508-5f7,6fa73f5b-a17,Sales - Re-Contextualize Turn-Key Architectures,kanban,active,2025-10-20 10:13:23,2026-01-07,Sales - Enterprise,Scott Brown,scott.brown_4126@techflow.io
b4db147c-c93,bde22508-5f7,6fa73f5b-a17,Sales - Seize Web-Enabled Applications,kanban,active,2025-10-10 10:13:23,2026-01-06,Sales - Enterprise,Scott Brown,scott.brown_4126@techflow.io
d61d9fa4-be2,bde22508-5f7,6fa73f5b-a17,Sales - Transform Enterprise Eyeballs,kanban,active,2025-07-11 10:13:23,2025-08-26,Sales - Enterprise,Scott Brown,scott.brown_4126@techflow.io
bcf89e21-582,19266f47-16b,ea20a3f6-c28,Customer Success - Aggregate Distributed Schemas,operations,on_hold,2025-10-30 10:13:23,2025-12-10,Customer Success - Onboarding,Jessica Holmes,jessica.holmes_50@techflow.io
5aac3f0c-9da,19266f47-16b,ea20a3f6-c28,Customer Success - Embrace Visionary Platforms,operations,active,2025-11-23 10:13:23,2025-12-31,Customer Success - Onboarding,Jessica Holmes,jessica.holmes_50@techflow.io
68b917a2-bd1,ea48aae5-02e,7de33623-499,Customer Success - Expedite Extensible Synergies,operations,on_hold,2025-11-21 10:13:23,2025-12-22,Customer Success - Success,Andrea King,andrea.king_4343@techflow.io
50314079-d50,4f88a4bf-228,bf871f71-a0d,Customer Success - Generate Frictionless Users,operations,completed,2025-08-22 10:13:23,2025-10-12,Customer Success - Support Tier 2,Chelsea Nguyen,chelsea.nguyen_782@techflow.io
b4a7f17b-ddb,4f88a4bf-228,bf871f71-a0d,Customer Success - Harness Cross-Platform E-Busine,operations,completed,2025-11-30 10:13:23,2026-01-20,Customer Success - Support Tier 2,Chelsea Nguyen,chelsea.nguyen_782@techflow.io
51eaa993-7f8,4f88a4bf-228,bf871f71-a0d,Customer Success - Mesh Robust Technologies,operations,completed,2025-12-19 10:13:23,2026-01-25,Customer Success - Support Tier 2,Chelsea Nguyen,chelsea.nguyen_782@techflow.io
4a36494b-675,447c3970-766,8fef2c81-897,Customer Success - Re-Intermediate Enterprise Deli,operations,active,2025-08-22 10:13:23,2025-10-19,Customer Success - Support Tier 1,Timothy Hill,timothy.hill_835@techflow.io
91415fda-eec,4f88a4bf-228,bf871f71-a0d,Customer Success - Scale Sticky E-Commerce,operations,active,2025-09-26 10:13:23,2025-11-30,Customer Success - Support Tier 2,Chelsea Nguyen,chelsea.nguyen_782@techflow.io
022ceaba-0c4,4f88a4bf-228,bf871f71-a0d,Customer Success - Synergize Open-Source Initiativ,operations,completed,2025-09-17 10:13:23,2025-12-03,Customer Success - Support Tier 2,Chelsea Nguyen,chelsea.nguyen_782@techflow.io
d5608d09-bf6,19266f47-16b,ea20a3f6-c28,Customer Success - Target One-To-One Initiatives,operations,active,2025-12-26 10:13:23,2026-02-23,Customer Success - Onboarding,Jessica Holmes,jessica.holmes_50@techflow.io
91455d76-b4b,4f88a4bf-228,bf871f71-a0d,Customer Success - Target Web-Enabled E-Services,operations,on_hold,2025-09-28 10:13:23,2025-12-13,Customer Success - Support Tier 2,Chelsea Nguyen,chelsea.nguyen_782@techflow.io
824e56cd-ebd,9574e848-5c2,b5efbba6-464,Design - Enhance Plug-And-Play Schemas,operations,active,2025-12-06 10:13:23,2026-02-04,Design - UX Research,Juan Parker,juan.parker_2103@techflow.io
26751ada-9ab,30b05e5d-432,77ec92b6-ec0,Design - Enhance Rich Infrastructures,operations,active,2025-11-03 10:13:23,2026-01-12,Design - Product Design,Henry Taylor,henry.taylor_1510@techflow.io
4bf95ec0-791,30b05e5d-432,77ec92b6-ec0,Design - Integrate Synergistic Web-Readiness,operations,active,2025-08-13 10:13:23,2025-10-28,Design - Product Design,Henry Taylor,henry.taylor_1510@techflow.io
45a0f908-e3b,30b05e5d-432,77ec92b6-ec0,Design - Maximize Clicks-And-Mortar E-Markets,operations,active,2025-10-17 10:13:23,2025-11-17,Design - Product Design,Henry Taylor,henry.taylor_1510@techflow.io
e7f6132b-c69,9574e848-5c2,b5efbba6-464,Design - Maximize Wireless Info-Mediaries,operations,active,2025-09-07 10:13:23,2025-11-14,Design - UX Research,Juan Parker,juan.parker_2103@techflow.io
c93d328b-5ab,8a12194e-da8,6c96ea09-d89,Design - Re-Intermediate Best-Of-Breed Channels,operations,completed,2025-09-15 10:13:23,2025-11-24,Design - Brand Design,Darryl Richardson,darryl.richardson_4470@techflow.io
9f23dd1b-c5b,9574e848-5c2,b5efbba6-464,Design - Streamline Transparent Web Services,operations,on_hold,2025-10-01 10:13:23,2025-11-27,Design - UX Research,Juan Parker,juan.parker_2103@techflow.io
e61aae89-b11,a8c6983a-5a6,2c5cc694-1bc,Engineering - Cultivate Best-Of-Breed Synergies,operations,completed,2025-07-12 10:13:23,2025-09-22,Engineering - Platform,Mark Keller,mark.keller_6133@techflow.io
11685597-572,28b93a7f-d85,3658927f-bbc,Engineering - Deploy Value-Added Web-Readiness,operations,completed,2025-08-03 10:13:23,2025-10-02,Engineering - Mobile,Lisa Randall,lisa.randall_568@techflow.io
53c761d3-d10,a8c6983a-5a6,2c5cc694-1bc,Engineering - Disintermediate One-To-One Deliverab,operations,active,2025-08-07 10:13:23,2025-10-15,Engineering - Platform,Mark Keller,mark.keller_6133@techflow.io
06a90908-e34,488ab045-b1f,141a7ae6-647,Engineering - Empower Scalable Initiatives,operations,active,2025-09-16 10:13:23,2025-10-18,Engineering - Security,Brian Martin,brian.martin_606@techflow.io
96ff7532-f97,28b93a7f-d85,3658927f-bbc,Engineering - Enable Interactive Partnerships,operations,active,2025-07-16 10:13:23,2025-08-23,Engineering - Mobile,Lisa Randall,lisa.randall_568@techflow.io
1d4aa3a0-d33,a8ad4827-42d,df1f4b81-fb8,Engineering - Envisioneer Revolutionary Metrics,operations,active,2025-12-22 10:13:23,2026-02-02,Engineering - QA,Aaron Diaz,aaron.diaz_5107@techflow.io
40e26089-44f,a8ad4827-42d,df1f4b81-fb8,Engineering - Exploit Plug-And-Play Solutions,operations,active,2025-12-19 10:13:23,2026-02-07,Engineering - QA,Aaron Diaz,aaron.diaz_5107@techflow.io
ae8b3704-7c6,a43e8fb1-de2,1581552c-a17,Engineering - Facilitate Innovative Niches,operations,on_hold,2025-08-18 10:13:23,2025-09-21,Engineering - Frontend,Shirley Suarez,shirley.suarez_86@techflow.io
29a99c22-9bd,8a2d6e6a-eed,15fb105b-f67,Engineering - Grow Strategic Eyeballs,operations,active,2025-09-26 10:13:23,2025-12-15,Engineering - Backend,Sergio Hodge,sergio.hodge_4707@techflow.io
5b4a5def-d5a,a8ad4827-42d,df1f4b81-fb8,Engineering - Incentivize Killer E-Services,operations,completed,2025-09-14 10:13:23,2025-11-02,Engineering - QA,Aaron Diaz,aaron.diaz_5107@techflow.io
f7d66fdc-536,9e9fece7-309,33ef0c18-9bd,Engineering - Incubate Synergistic Web-Readiness,operations,on_hold,2025-11-04 10:13:23,2026-01-24,Engineering - DevOps,Margaret Erickson,margaret.erickson_1783@techflow.io
6e8597c6-4e8,8a2d6e6a-eed,15fb105b-f67,Engineering - Leverage Ubiquitous Interfaces,operations,completed,2025-10-04 10:13:23,2025-12-26,Engineering - Backend,Sergio Hodge,sergio.hodge_4707@techflow.io
16c16ab4-f25,9ea4e08c-62c,4985a78b-039,Engineering - Mesh Bleeding-Edge Supply-Chains,operations,completed,2025-07-11 10:13:23,2025-09-15,Engineering - Data,Zachary Mckay,zachary.mckay_5738@techflow.io
9c2ef649-3b6,28b93a7f-d85,3658927f-bbc,Engineering - Morph Robust Infrastructures,operations,completed,2025-10-10 10:13:23,2025-11-19,Engineering - Mobile,Lisa Randall,lisa.randall_568@techflow.io
ee8ef44d-87f,9e9fece7-309,33ef0c18-9bd,Engineering - Re-Contextualize 24/365 Web Services,operations,completed,2025-11-30 10:13:23,2026-01-20,Engineering - DevOps,Margaret Erickson,margaret.erickson_1783@techflow.io
ec65c2f7-d1d,a43e8fb1-de2,1581552c-a17,Engineering - Re-Contextualize Wireless Deliverabl,operations,active,2025-12-14 10:13:23,2026-02-11,Engineering - Frontend,Shirley Suarez,shirley.suarez_86@techflow.io
0ae10f75-c56,a8ad4827-42d,df1f4b81-fb8,Engineering - Re-Intermediate Impactful Technologi,operations,active,2025-08-20 10:13:23,2025-10-20,Engineering - QA,Aaron Diaz,aaron.diaz_5107@techflow.io
7c7d6d31-e7f,9ea4e08c-62c,4985a78b-039,Engineering - Reinvent Cross-Platform Architecture,operations,completed,2025-08-13 10:13:23,2025-09-21,Engineering - Data,Zachary Mckay,zachary.mckay_5738@techflow.io
da0cf473-17a,9ea4e08c-62c,4985a78b-039,Engineering - Repurpose Cross-Media Eyeballs,operations,on_hold,2025-07-23 10:13:23,2025-09-22,Engineering - Data,Zachary Mckay,zachary.mckay_5738@techflow.io
fb8cc0b5-95f,488ab045-b1f,141a7ae6-647,Engineering - Strategize Integrated Mindshare,operations,completed,2025-12-19 10:13:23,2026-03-19,Engineering - Security,Brian Martin,brian.martin_606@techflow.io
3ac4e9b6-fc5,8a2d6e6a-eed,15fb105b-f67,Engineering - Strategize Open-Source Portals,operations,completed,2025-12-21 10:13:23,2026-03-14,Engineering - Backend,Sergio Hodge,sergio.hodge_4707@techflow.io
ccfe8ef5-f02,8a2d6e6a-eed,15fb105b-f67,Engineering - Strategize Out-Of-The-Box E-Markets,operations,active,2025-12-06 10:13:23,2026-01-28,Engineering - Backend,Sergio Hodge,sergio.hodge_4707@techflow.io
a2cdd616-685,a43e8fb1-de2,1581552c-a17,Engineering - Streamline E-Business Content,operations,on_hold,2025-10-22 10:13:23,2025-12-07,Engineering - Frontend,Shirley Suarez,shirley.suarez_86@techflow.io
2fd8c61a-9bb,8a2d6e6a-eed,15fb105b-f67,Engineering - Streamline Vertical Roi,operations,completed,2025-12-02 10:13:23,2026-02-28,Engineering - Backend,Sergio Hodge,sergio.hodge_4707@techflow.io
357f3498-34b,9ea4e08c-62c,4985a78b-039,Engineering - Target Magnetic Schemas,operations,on_hold,2025-12-15 10:13:23,2026-01-21,Engineering - Data,Zachary Mckay,zachary.mckay_5738@techflow.io
9931858c-417,a8c6983a-5a6,2c5cc694-1bc,Engineering - Transition Real-Time E-Commerce,operations,active,2025-09-18 10:13:23,2025-12-15,Engineering - Platform,Mark Keller,mark.keller_6133@techflow.io
fd486454-063,7ca7db20-8b6,70a7853d-638,Finance - Drive Killer Channels,operations,active,2025-12-16 10:13:23,2026-03-01,Finance - FP&A,Lindsey Gray,lindsey.gray_2874@techflow.io
1663898a-bcd,7ca7db20-8b6,70a7853d-638,Finance - Drive Robust Applications,operations,active,2025-09-13 10:13:23,2025-12-11,Finance - FP&A,Lindsey Gray,lindsey.gray_2874@techflow.io
afccd812-62d,99c15e7e-b12,618d51ae-cad,Finance - Engage Visionary Deliverables,operations,on_hold,2025-11-18 10:13:23,2026-02-14,Finance - Accounting,Francisco Woodward,francisco.woodward_6268@techflow.io
4fec053c-314,9068b4b3-d93,66920b74-8a2,Finance - Envisioneer Proactive Schemas,operations,active,2025-12-16 10:13:23,2026-02-24,Finance - Procurement,Charles Hernandez,charles.hernandez_1715@techflow.io
ff1ea914-525,99c15e7e-b12,618d51ae-cad,Finance - Incentivize Seamless Partnerships,operations,active,2025-07-28 10:13:23,2025-09-17,Finance - Accounting,Francisco Woodward,francisco.woodward_6268@techflow.io
7a8d4dc4-dd0,99c15e7e-b12,618d51ae-cad,Finance - Maximize Best-Of-Breed Web Services,operations,completed,2025-11-20 10:13:23,2025-12-30,Finance - Accounting,Francisco Woodward,francisco.woodward_6268@techflow.io
f99ddad9-75d,7ca7db20-8b6,70a7853d-638,Finance - Monetize Ubiquitous Vortals,operations,active,2025-09-06 10:13:23,2025-10-31,Finance - FP&A,Lindsey Gray,lindsey.gray_2874@techflow.io
9ff83b05-95b,9068b4b3-d93,66920b74-8a2,Finance - Optimize Collaborative Paradigms,operations,on_hold,2025-07-17 10:13:23,2025-09-19,Finance - Procurement,Charles Hernandez,charles.hernandez_1715@techflow.io
bc7c9bbc-f17,99c15e7e-b12,618d51ae-cad,Finance - Re-Contextualize Real-Time Vortals,operations,completed,2025-10-20 10:13:23,2025-12-17,Finance - Accounting,Francisco Woodward,francisco.woodward_6268@techflow.io
2ecd76d7-76c,7ca7db20-8b6,70a7853d-638,Finance - Reinvent Sticky Technologies,operations,completed,2025-12-20 10:13:23,2026-02-27,Finance - FP&A,Lindsey Gray,lindsey.gray_2874@techflow.io
d8c55c5f-123,9068b4b3-d93,66920b74-8a2,Finance - Strategize One-To-One Info-Mediaries,operations,active,2025-10-27 10:13:23,2025-12-14,Finance - Procurement,Charles Hernandez,charles.hernandez_1715@techflow.io
691ced8c-8e0,7ca7db20-8b6,70a7853d-638,Finance - Syndicate Visionary Web-Readiness,operations,active,2025-12-26 10:13:23,2026-03-25,Finance - FP&A,Lindsey Gray,lindsey.gray_2874@techflow.io
ae3ed513-8cd,99c15e7e-b12,618d51ae-cad,Finance - Synergize Interactive Mindshare,operations,active,2025-11-22 10:13:23,2026-01-15,Finance - Accounting,Francisco Woodward,francisco.woodward_6268@techflow.io
856d4ac9-4a3,99c15e7e-b12,618d51ae-cad,Finance - Synthesize Compelling Interfaces,operations,active,2025-12-28 10:13:23,2026-03-21,Finance - Accounting,Francisco Woodward,francisco.woodward_6268@techflow.io
e659466a-14c,99c15e7e-b12,618d51ae-cad,Finance - Visualize Impactful Infrastructures,operations,completed,2025-09-04 10:13:23,2025-10-19,Finance - Accounting,Francisco Woodward,francisco.woodward_6268@techflow.io
8c0c60dd-9be,ff8d51d7-eaa,a2aff9df-792,HR - Architect Open-Source Solutions,operations,on_hold,2025-07-29 10:13:23,2025-09-08,HR - L&D,Maria Williams,maria.williams_5760@techflow.io
c9e5b411-500,3ccb5671-b77,d926da20-a6a,HR - Disintermediate Leading-Edge Communities,operations,active,2025-08-03 10:13:23,2025-09-16,HR - Recruiting,Dana Bennett,dana.bennett_747@techflow.io
cb869a10-a83,27ef1096-b7c,db0e4462-b68,HR - Evolve Collaborative Architectures,operations,on_hold,2025-09-10 10:13:23,2025-12-09,HR - People Ops,Gregory Martin,gregory.martin_5637@techflow.io
5e9d2760-4ac,27ef1096-b7c,db0e4462-b68,HR - Exploit Synergistic Communities,operations,completed,2025-11-18 10:13:23,2026-01-14,HR - People Ops,Gregory Martin,gregory.martin_5637@techflow.io
ed3c215f-679,ff8d51d7-eaa,a2aff9df-792,HR - Harness Next-Generation Experiences,operations,active,2025-12-21 10:13:23,2026-03-04,HR - L&D,Maria Williams,maria.williams_5760@techflow.io
c8fec940-231,27ef1096-b7c,db0e4462-b68,HR - Leverage Proactive Mindshare,operations,active,2025-07-23 10:13:23,2025-08-30,HR - People Ops,Gregory Martin,gregory.martin_5637@techflow.io
47ce57ba-034,27ef1096-b7c,db0e4462-b68,HR - Maximize Sticky Channels,operations,completed,2025-11-16 10:13:23,2026-01-23,HR - People Ops,Gregory Martin,gregory.martin_5637@techflow.io
273f355c-884,27ef1096-b7c,db0e4462-b68,HR - Seize Magnetic Action-Items,operations,active,2025-10-29 10:13:23,2026-01-26,HR - People Ops,Gregory Martin,gregory.martin_5637@techflow.io
fd53348d-e6e,3ccb5671-b77,d926da20-a6a,HR - Transform Efficient Web Services,operations,completed,2025-10-19 10:13:23,2025-12-22,HR - Recruiting,Dana Bennett,dana.bennett_747@techflow.io
ae6b29ae-1c5,27ef1096-b7c,db0e4462-b68,HR - Utilize Revolutionary Web-Readiness,operations,completed,2025-07-21 10:13:23,2025-09-22,HR - People Ops,Gregory Martin,gregory.martin_5637@techflow.io
e053f55c-00d,fbc3bb64-d92,cf46397d-656,Legal - Deploy Mission-Critical Web Services,operations,on_hold,2025-09-27 10:13:23,2025-12-05,Legal - Compliance,Anna Higgins,anna.higgins_2954@techflow.io
4783a6b5-1c9,7a561f79-62e,acf8d4b6-02f,Legal - Drive Synergistic Experiences,operations,on_hold,2025-11-25 10:13:23,2025-12-26,Legal - Legal,Jesse Brooks,jesse.brooks_2593@techflow.io
ad8a82f9-165,fbc3bb64-d92,cf46397d-656,Legal - Enable Cutting-Edge Metrics,operations,active,2025-12-27 10:13:23,2026-02-01,Legal - Compliance,Anna Higgins,anna.higgins_2954@techflow.io
31e8d83c-b53,fbc3bb64-d92,cf46397d-656,Legal - Envisioneer Viral E-Commerce,operations,active,2025-09-11 10:13:23,2025-10-27,Legal - Compliance,Anna Higgins,anna.higgins_2954@techflow.io
930da735-cc2,fbc3bb64-d92,cf46397d-656,Legal - Grow Holistic Convergence,operations,completed,2025-09-13 10:13:23,2025-12-10,Legal - Compliance,Anna Higgins,anna.higgins_2954@techflow.io
c7530ba1-da4,7a561f79-62e,acf8d4b6-02f,Legal - Seize Magnetic Functionalities,operations,active,2025-10-09 10:13:23,2025-11-13,Legal - Legal,Jesse Brooks,jesse.brooks_2593@techflow.io
160509e9-f0f,7a561f79-62e,acf8d4b6-02f,Legal - Transition Open-Source Schemas,operations,completed,2025-08-24 10:13:23,2025-10-09,Legal - Legal,Jesse Brooks,jesse.brooks_2593@techflow.io
352ebb48-f2b,fbc3bb64-d92,cf46397d-656,Legal - Unleash End-To-End Content,operations,active,2025-11-14 10:13:23,2026-02-10,Legal - Compliance,Anna Higgins,anna.higgins_2954@techflow.io
f0e86b29-6c5,7a561f79-62e,acf8d4b6-02f,Legal - Utilize Best-Of-Breed Infrastructures,operations,active,2025-11-14 10:13:23,2025-12-25,Legal - Legal,Jesse Brooks,jesse.brooks_2593@techflow.io
0cc184ed-dab,7a561f79-62e,acf8d4b6-02f,Legal - Utilize Ubiquitous Info-Mediaries,operations,active,2025-09-02 10:13:23,2025-11-27,Legal - Legal,Jesse Brooks,jesse.brooks_2593@techflow.io
7233dd70-6f6,f5bf7d99-7d8,98d9d0f2-d61,Marketing - Disintermediate Customized Markets,operations,active,2025-07-16 10:13:23,2025-08-29,Marketing - Demand Gen,Heather Williams,heather.williams_2288@techflow.io
f2ada681-ea1,f01d211d-225,f894a554-262,Marketing - Empower Seamless Bandwidth,operations,completed,2025-08-01 10:13:23,2025-09-26,Marketing - Events,Ashley Stevens,ashley.stevens_1981@techflow.io
2aee92c0-c0b,c14ea585-522,98fff59b-6fb,Marketing - Envisioneer Proactive Architectures,operations,active,2025-08-22 10:13:23,2025-10-12,Marketing - Product Marketing,Steven Martin,steven.martin_4270@techflow.io
0d7997a7-b37,f5bf7d99-7d8,98d9d0f2-d61,Marketing - Expedite Best-Of-Breed Initiatives,operations,active,2025-07-31 10:13:23,2025-08-31,Marketing - Demand Gen,Heather Williams,heather.williams_2288@techflow.io
24f8edbb-5dd,9a138c3a-82b,ecbf4f89-276,Marketing - Grow Killer Portals,operations,on_hold,2025-10-13 10:13:23,2025-12-21,Marketing - Content,Stephanie Livingston,stephanie.livingston_4512@techflow.io
e14e46ab-069,f5bf7d99-7d8,98d9d0f2-d61,Marketing - Harness Compelling Schemas,operations,on_hold,2025-08-15 10:13:23,2025-10-16,Marketing - Demand Gen,Heather Williams,heather.williams_2288@techflow.io
dfc5f97e-e6f,f01d211d-225,f894a554-262,Marketing - Implement Viral Portals,operations,active,2025-10-11 10:13:23,2025-11-20,Marketing - Events,Ashley Stevens,ashley.stevens_1981@techflow.io
f8cc9efd-bb9,c14ea585-522,98fff59b-6fb,Marketing - Maximize Enterprise Web-Readiness,operations,active,2025-11-24 10:13:23,2026-01-04,Marketing - Product Marketing,Steven Martin,steven.martin_4270@techflow.io
f7fdfb3b-6f8,c14ea585-522,98fff59b-6fb,Marketing - Re-Intermediate Value-Added Bandwidth,operations,completed,2025-09-04 10:13:23,2025-10-25,Marketing - Product Marketing,Steven Martin,steven.martin_4270@techflow.io
3a755573-435,c14ea585-522,98fff59b-6fb,Marketing - Reinvent Rich Networks,operations,active,2025-10-13 10:13:23,2026-01-06,Marketing - Product Marketing,Steven Martin,steven.martin_4270@techflow.io
d9cab1d6-453,9a138c3a-82b,ecbf4f89-276,Marketing - Revolutionize Interactive Synergies,operations,active,2025-08-14 10:13:23,2025-10-28,Marketing - Content,Stephanie Livingston,stephanie.livingston_4512@techflow.io
c11cbaf4-116,f5bf7d99-7d8,98d9d0f2-d61,Marketing - Revolutionize Ubiquitous Synergies,operations,on_hold,2025-12-14 10:13:23,2026-02-12,Marketing - Demand Gen,Heather Williams,heather.williams_2288@techflow.io
8060b18e-047,c14ea585-522,98fff59b-6fb,Marketing - Utilize Extensible E-Markets,operations,active,2025-07-14 10:13:23,2025-09-26,Marketing - Product Marketing,Steven Martin,steven.martin_4270@techflow.io
9daf988a-28f,c70c8716-7b5,1cd166f8-139,Operations - Architect Best-Of-Breed E-Tailers,operations,active,2025-10-31 10:13:23,2026-01-18,Operations - IT,Ann Parker,ann.parker_5831@techflow.io
62b274d2-e65,c70c8716-7b5,1cd166f8-139,Operations - Brand Holistic Metrics,operations,on_hold,2025-12-17 10:13:23,2026-03-03,Operations - IT,Ann Parker,ann.parker_5831@techflow.io
8a6c6090-fa1,0426cfba-f6b,78b74b88-7c3,Operations - Deliver Clicks-And-Mortar Paradigms,operations,active,2025-10-16 10:13:23,2026-01-08,Operations - Data Ops,Joshua Reed,joshua.reed_6637@techflow.io
961d3138-7a7,0426cfba-f6b,78b74b88-7c3,Operations - Engage Revolutionary Metrics,operations,completed,2025-11-14 10:13:23,2026-01-31,Operations - Data Ops,Joshua Reed,joshua.reed_6637@techflow.io
cf2e0b4f-672,a23f8204-7cc,13d6316a-43b,Operations - Leverage Plug-And-Play Roi,operations,active,2025-07-14 10:13:23,2025-09-12,Operations - Rev Ops,Robin Young,robin.young_400@techflow.io
ae264570-8ad,a23f8204-7cc,13d6316a-43b,Operations - Matrix 24/365 Action-Items,operations,completed,2025-08-10 10:13:23,2025-10-12,Operations - Rev Ops,Robin Young,robin.young_400@techflow.io
f06b90e6-446,a23f8204-7cc,13d6316a-43b,Operations - Optimize Impactful Eyeballs,operations,active,2025-11-28 10:13:23,2026-01-03,Operations - Rev Ops,Robin Young,robin.young_400@techflow.io
636ba02b-c65,0426cfba-f6b,78b74b88-7c3,Operations - Re-Contextualize Transparent Function,operations,completed,2025-07-31 10:13:23,2025-09-10,Operations - Data Ops,Joshua Reed,joshua.reed_6637@techflow.io
23cbb2dd-56c,c70c8716-7b5,1cd166f8-139,Operations - Strategize World-Class Communities,operations,active,2025-11-15 10:13:23,2026-02-09,Operations - IT,Ann Parker,ann.parker_5831@techflow.io
5e29a01b-bed,0426cfba-f6b,78b74b88-7c3,Operations - Transition Scalable Methodologies,operations,active,2025-10-28 10:13:23,2025-12-16,Operations - Data Ops,Joshua Reed,joshua.reed_6637@techflow.io
67ef1a08-f80,c70c8716-7b5,1cd166f8-139,Operations - Unleash Bricks-And-Clicks Solutions,operations,completed,2025-09-02 10:13:23,2025-10-31,Operations - IT,Ann Parker,ann.parker_5831@techflow.io
9927d702-84a,c70c8716-7b5,1cd166f8-139,Operations - Visualize Global Infrastructures,operations,active,2025-09-24 10:13:23,2025-11-16,Operations - IT,Ann Parker,ann.parker_5831@techflow.io
271ad796-1fa,47315dd4-843,1cf553fd-fd4,Product - Brand Next-Generation E-Commerce,operations,completed,2025-10-22 10:13:23,2025-12-19,Product - Growth,Thomas Mcgrath,thomas.mcgrath_4324@techflow.io
21b20991-bd4,47315dd4-843,1cf553fd-fd4,Product - Brand User-Centric E-Commerce,operations,completed,2025-10-29 10:13:23,2026-01-04,Product - Growth,Thomas Mcgrath,thomas.mcgrath_4324@techflow.io
3a8e550d-1f1,47315dd4-843,1cf553fd-fd4,Product - Deliver Robust Channels,operations,active,2025-09-27 10:13:23,2025-11-14,Product - Growth,Thomas Mcgrath,thomas.mcgrath_4324@techflow.io
d6540709-4ec,2cd2869c-008,567e2508-bfd,Product - Disintermediate Seamless E-Commerce,operations,completed,2025-10-24 10:13:23,2026-01-01,Product - Analytics,Austin Perez,austin.perez_7327@techflow.io
4c688398-5aa,47315dd4-843,1cf553fd-fd4,Product - Engage Out-Of-The-Box E-Markets,operations,on_hold,2025-09-27 10:13:23,2025-12-25,Product - Growth,Thomas Mcgrath,thomas.mcgrath_4324@techflow.io
62d5af35-2d1,217da21a-2fe,555be63c-c6f,Product - Expedite Cutting-Edge Synergies,operations,active,2025-11-05 10:13:23,2026-01-15,Product - Platform,Christopher Parker,christopher.parker_232@techflow.io
424dc68e-ad3,2cd2869c-008,567e2508-bfd,Product - Extend Interactive Bandwidth,operations,on_hold,2025-07-12 10:13:23,2025-08-20,Product - Analytics,Austin Perez,austin.perez_7327@techflow.io
f7af8089-fff,2cd2869c-008,567e2508-bfd,Product - Implement Revolutionary Paradigms,operations,completed,2025-08-13 10:13:23,2025-11-07,Product - Analytics,Austin Perez,austin.perez_7327@techflow.io
debb6fde-6c0,217da21a-2fe,555be63c-c6f,Product - Innovate Rich Portals,operations,on_hold,2025-12-15 10:13:23,2026-03-06,Product - Platform,Christopher Parker,christopher.parker_232@techflow.io
55924d15-ebf,217da21a-2fe,555be63c-c6f,Product - Matrix Plug-And-Play Web Services,operations,completed,2025-08-05 10:13:23,2025-09-30,Product - Platform,Christopher Parker,christopher.parker_232@techflow.io
33b3d6ac-171,2cd2869c-008,567e2508-bfd,Product - Re-Contextualize 24/365 Metrics,operations,active,2025-07-29 10:13:23,2025-09-06,Product - Analytics,Austin Perez,austin.perez_7327@techflow.io
ed226fd7-782,47315dd4-843,1cf553fd-fd4,Product - Redefine Killer Relationships,operations,active,2025-12-28 10:13:23,2026-02-15,Product - Growth,Thomas Mcgrath,thomas.mcgrath_4324@techflow.io
7dbd847f-e2d,47315dd4-843,1cf553fd-fd4,Product - Utilize B2B Applications,operations,active,2025-10-29 10:13:23,2025-12-23,Product - Growth,Thomas Mcgrath,thomas.mcgrath_4324@techflow.io
8e7e9d62-52e,330edaf7-32b,269db0a5-85d,Sales - Cultivate Synergistic Interfaces,operations,active,2025-10-28 10:13:23,2025-12-03,Sales - SMB,Wesley Jensen MD,wesley.jensen.md_2042@techflow.io
d438b8cb-c1f,87014924-42c,474587e3-d7d,Sales - Generate Collaborative Info-Mediaries,operations,on_hold,2025-08-11 10:13:23,2025-09-19,Sales - Partnerships,Benjamin Mosley,benjamin.mosley_5874@techflow.io
75038e9d-052,bde22508-5f7,6fa73f5b-a17,Sales - Grow Distributed Channels,operations,active,2025-08-26 10:13:23,2025-09-29,Sales - Enterprise,Scott Brown,scott.brown_4126@techflow.io
bcd782e4-c47,9e13efb2-976,af4911f7-d49,Sales - Grow Value-Added Networks,operations,on_hold,2025-11-25 10:13:23,2026-01-16,Sales - SDR,Chad Rivera,chad.rivera_5082@techflow.io
e8ec9627-565,330edaf7-32b,269db0a5-85d,Sales - Matrix Next-Generation Models,operations,completed,2025-12-18 10:13:23,2026-02-25,Sales - SMB,Wesley Jensen MD,wesley.jensen.md_2042@techflow.io
bf06658a-d0e,87014924-42c,474587e3-d7d,Sales - Maximize Extensible Web-Readiness,operations,active,2025-09-02 10:13:23,2025-11-21,Sales - Partnerships,Benjamin Mosley,benjamin.mosley_5874@techflow.io
94117dfa-d44,e5c8351a-36b,d8572904-910,Sales - Mesh Integrated E-Commerce,operations,completed,2025-10-29 10:13:23,2026-01-24,Sales - Solutions,Matthew Mcmillan,matthew.mcmillan_90@techflow.io
0b533a71-86b,87014924-42c,474587e3-d7d,Sales - Morph Out-Of-The-Box Infrastructures,operations,active,2025-11-16 10:13:23,2025-12-31,Sales - Partnerships,Benjamin Mosley,benjamin.mosley_5874@techflow.io
68fa9dbb-32a,330edaf7-32b,269db0a5-85d,Sales - Re-Intermediate Magnetic Models,operations,on_hold,2025-07-24 10:13:23,2025-10-16,Sales - SMB,Wesley Jensen MD,wesley.jensen.md_2042@techflow.io
6ffcfac2-219,ea48aae5-02e,7de33623-499,Customer Success - Envisioneer Real-Time Web-Readi,sprint,completed,2025-10-05 10:13:23,2025-11-09,Customer Success - Success,Andrea King,andrea.king_4343@techflow.io
e762efcf-dff,ea48aae5-02e,7de33623-499,Customer Success - Evolve Sticky Relationships,sprint,active,2025-08-19 10:13:23,2025-09-29,Customer Success - Success,Andrea King,andrea.king_4343@techflow.io
13dc5c18-327,447c3970-766,8fef2c81-897,Customer Success - Grow Collaborative Platforms,sprint,active,2025-12-22 10:13:23,2026-03-18,Customer Success - Support Tier 1,Timothy Hill,timothy.hill_835@techflow.io
e7bdd0a7-725,19266f47-16b,ea20a3f6-c28,Customer Success - Harness Innovative Functionalit,sprint,active,2025-07-13 10:13:23,2025-08-31,Customer Success - Onboarding,Jessica Holmes,jessica.holmes_50@techflow.io
8a2ccea5-f04,4f88a4bf-228,bf871f71-a0d,Customer Success - Leverage Mission-Critical Model,sprint,active,2025-09-23 10:13:23,2025-11-21,Customer Success - Support Tier 2,Chelsea Nguyen,chelsea.nguyen_782@techflow.io
be24e8c2-108,19266f47-16b,ea20a3f6-c28,Customer Success - Re-Intermediate Distributed Con,sprint,active,2025-09-22 10:13:23,2025-10-24,Customer Success - Onboarding,Jessica Holmes,jessica.holmes_50@techflow.io
04c8c71c-7a2,ea48aae5-02e,7de33623-499,Customer Success - Unleash Cross-Platform E-Commer,sprint,on_hold,2025-12-24 10:13:23,2026-01-26,Customer Success - Success,Andrea King,andrea.king_4343@techflow.io
e05565a2-6f1,447c3970-766,8fef2c81-897,Customer Success - Whiteboard Scalable Content,sprint,completed,2025-10-11 10:13:23,2025-12-18,Customer Success - Support Tier 1,Timothy Hill,timothy.hill_835@techflow.io
1cd65f63-a0b,8a12194e-da8,6c96ea09-d89,Design - Cultivate User-Centric Models,sprint,active,2025-12-06 10:13:23,2026-03-01,Design - Brand Design,Darryl Richardson,darryl.richardson_4470@techflow.io
5f22b844-f81,9574e848-5c2,b5efbba6-464,Design - Evolve Impactful Functionalities,sprint,active,2025-10-17 10:13:23,2025-12-24,Design - UX Research,Juan Parker,juan.parker_2103@techflow.io
e54cc59d-4bc,30b05e5d-432,77ec92b6-ec0,Design - Harness Front-End Mindshare,sprint,on_hold,2025-09-08 10:13:23,2025-11-01,Design - Product Design,Henry Taylor,henry.taylor_1510@techflow.io
bef6bbad-dfc,8a12194e-da8,6c96ea09-d89,Design - Re-Contextualize Synergistic Experiences,sprint,active,2025-09-14 10:13:23,2025-10-22,Design - Brand Design,Darryl Richardson,darryl.richardson_4470@techflow.io
6efe073d-44c,9574e848-5c2,b5efbba6-464,Design - Reinvent B2C Paradigms,sprint,active,2025-12-03 10:13:23,2026-02-28,Design - UX Research,Juan Parker,juan.parker_2103@techflow.io
3d3a2148-731,30b05e5d-432,77ec92b6-ec0,Design - Revolutionize End-To-End Systems,sprint,on_hold,2025-10-01 10:13:23,2025-11-15,Design - Product Design,Henry Taylor,henry.taylor_1510@techflow.io
440fe878-bf6,9574e848-5c2,b5efbba6-464,Design - Transform Open-Source Technologies,sprint,completed,2025-10-24 10:13:23,2026-01-08,Design - UX Research,Juan Parker,juan.parker_2103@techflow.io
3365d256-1a6,8a12194e-da8,6c96ea09-d89,Design - Transition 24/365 Synergies,sprint,completed,2025-08-11 10:13:23,2025-09-25,Design - Brand Design,Darryl Richardson,darryl.richardson_4470@techflow.io
18418d77-dc7,30b05e5d-432,77ec92b6-ec0,Design - Visualize One-To-One Content,sprint,active,2025-12-26 10:13:23,2026-03-06,Design - Product Design,Henry Taylor,henry.taylor_1510@techflow.io
9cd60a86-fa0,a8c6983a-5a6,2c5cc694-1bc,Engineering - Aggregate Vertical Initiatives,sprint,on_hold,2025-11-07 10:13:23,2025-12-16,Engineering - Platform,Mark Keller,mark.keller_6133@techflow.io
e67807b3-e68,a8ad4827-42d,df1f4b81-fb8,Engineering - Brand Best-Of-Breed Supply-Chains,sprint,active,2025-11-04 10:13:23,2026-01-05,Engineering - QA,Aaron Diaz,aaron.diaz_5107@techflow.io
84597119-061,a8c6983a-5a6,2c5cc694-1bc,Engineering - Brand E-Business Action-Items,sprint,active,2025-08-25 10:13:23,2025-10-17,Engineering - Platform,Mark Keller,mark.keller_6133@techflow.io
5c355cbd-62c,488ab045-b1f,141a7ae6-647,Engineering - Engage Killer Web Services,sprint,active,2025-11-03 10:13:23,2026-01-10,Engineering - Security,Brian Martin,brian.martin_606@techflow.io
d39d917e-48d,28b93a7f-d85,3658927f-bbc,Engineering - Engage Revolutionary Partnerships,sprint,completed,2025-11-30 10:13:23,2026-01-10,Engineering - Mobile,Lisa Randall,lisa.randall_568@techflow.io
88d41dce-03c,a43e8fb1-de2,1581552c-a17,Engineering - Enhance Collaborative E-Markets,sprint,completed,2025-08-06 10:13:23,2025-10-02,Engineering - Frontend,Shirley Suarez,shirley.suarez_86@techflow.io
a654e7dd-313,a8ad4827-42d,df1f4b81-fb8,Engineering - Envisioneer Holistic E-Tailers,sprint,completed,2025-09-15 10:13:23,2025-11-07,Engineering - QA,Aaron Diaz,aaron.diaz_5107@techflow.io
2fcd1108-5f8,488ab045-b1f,141a7ae6-647,Engineering - Envisioneer Leading-Edge Niches,sprint,active,2025-12-09 10:13:23,2026-02-06,Engineering - Security,Brian Martin,brian.martin_606@techflow.io
61b709cf-217,28b93a7f-d85,3658927f-bbc,Engineering - Expedite Best-Of-Breed Info-Mediarie,sprint,on_hold,2025-11-14 10:13:23,2025-12-18,Engineering - Mobile,Lisa Randall,lisa.randall_568@techflow.io
3951601a-28c,a43e8fb1-de2,1581552c-a17,Engineering - Exploit Holistic E-Commerce,sprint,on_hold,2025-08-07 10:13:23,2025-09-15,Engineering - Frontend,Shirley Suarez,shirley.suarez_86@techflow.io
1552fa57-d01,488ab045-b1f,141a7ae6-647,Engineering - Grow Synergistic Applications,sprint,active,2025-11-26 10:13:23,2026-02-07,Engineering - Security,Brian Martin,brian.martin_606@techflow.io
4d391994-44f,9e9fece7-309,33ef0c18-9bd,Engineering - Innovate Real-Time Channels,sprint,active,2025-07-28 10:13:23,2025-10-10,Engineering - DevOps,Margaret Erickson,margaret.erickson_1783@techflow.io
4e845c98-b8d,a43e8fb1-de2,1581552c-a17,Engineering - Leverage Transparent E-Business,sprint,completed,2025-10-17 10:13:23,2026-01-03,Engineering - Frontend,Shirley Suarez,shirley.suarez_86@techflow.io
e868cc57-ae2,a8c6983a-5a6,2c5cc694-1bc,Engineering - Mesh Best-Of-Breed Info-Mediaries,sprint,active,2025-09-03 10:13:23,2025-11-15,Engineering - Platform,Mark Keller,mark.keller_6133@techflow.io
aab99ead-cf7,a8ad4827-42d,df1f4b81-fb8,Engineering - Monetize E-Business E-Markets,sprint,on_hold,2025-12-14 10:13:23,2026-01-25,Engineering - QA,Aaron Diaz,aaron.diaz_5107@techflow.io
1eb45295-f22,8a2d6e6a-eed,15fb105b-f67,Engineering - Re-Contextualize Distributed Action-,sprint,active,2025-07-30 10:13:23,2025-08-31,Engineering - Backend,Sergio Hodge,sergio.hodge_4707@techflow.io
90fa5a95-327,a8c6983a-5a6,2c5cc694-1bc,Engineering - Re-Contextualize Magnetic E-Markets,sprint,active,2025-10-23 10:13:23,2025-12-21,Engineering - Platform,Mark Keller,mark.keller_6133@techflow.io
704f330d-548,a8c6983a-5a6,2c5cc694-1bc,Engineering - Re-Intermediate B2B E-Services,sprint,active,2025-10-01 10:13:23,2025-12-06,Engineering - Platform,Mark Keller,mark.keller_6133@techflow.io
3dfd45cd-9eb,a43e8fb1-de2,1581552c-a17,Engineering - Re-Intermediate Collaborative E-Mark,sprint,completed,2025-10-06 10:13:23,2025-12-11,Engineering - Frontend,Shirley Suarez,shirley.suarez_86@techflow.io
612aded1-5ca,8a2d6e6a-eed,15fb105b-f67,Engineering - Re-Intermediate Front-End Supply-Cha,sprint,on_hold,2025-11-22 10:13:23,2026-01-19,Engineering - Backend,Sergio Hodge,sergio.hodge_4707@techflow.io
333317b8-040,28b93a7f-d85,3658927f-bbc,Engineering - Revolutionize Ubiquitous E-Business,sprint,active,2025-09-20 10:13:23,2025-11-06,Engineering - Mobile,Lisa Randall,lisa.randall_568@techflow.io
1dc878e5-05b,9ea4e08c-62c,4985a78b-039,Engineering - Seize Cutting-Edge Vortals,sprint,active,2025-08-14 10:13:23,2025-10-25,Engineering - Data,Zachary Mckay,zachary.mckay_5738@techflow.io
e6557e02-9a5,9ea4e08c-62c,4985a78b-039,Engineering - Synergize Dot-Com Users,sprint,active,2025-10-04 10:13:23,2025-12-14,Engineering - Data,Zachary Mckay,zachary.mckay_5738@techflow.io
2b08d331-9c7,9e9fece7-309,33ef0c18-9bd,Engineering - Synergize Front-End Methodologies,sprint,completed,2025-12-14 10:13:23,2026-03-14,Engineering - DevOps,Margaret Erickson,margaret.erickson_1783@techflow.io
39eaa2d5-11c,28b93a7f-d85,3658927f-bbc,Engineering - Synergize Innovative Markets,sprint,active,2025-12-20 10:13:23,2026-03-01,Engineering - Mobile,Lisa Randall,lisa.randall_568@techflow.io
2738ca5e-3a4,9ea4e08c-62c,4985a78b-039,Engineering - Synthesize One-To-One Infrastructure,sprint,active,2025-10-01 10:13:23,2025-11-24,Engineering - Data,Zachary Mckay,zachary.mckay_5738@techflow.io
4eea2ef7-579,a8ad4827-42d,df1f4b81-fb8,Engineering - Whiteboard Global Vortals,sprint,active,2025-10-19 10:13:23,2025-11-18,Engineering - QA,Aaron Diaz,aaron.diaz_5107@techflow.io
cc456784-aab,7ca7db20-8b6,70a7853d-638,Finance - Aggregate Sticky Infrastructures,sprint,active,2025-11-14 10:13:23,2026-02-02,Finance - FP&A,Lindsey Gray,lindsey.gray_2874@techflow.io
a83e7ff5-659,7ca7db20-8b6,70a7853d-638,Finance - Envisioneer Out-Of-The-Box Initiatives,sprint,on_hold,2025-08-05 10:13:23,2025-10-14,Finance - FP&A,Lindsey Gray,lindsey.gray_2874@techflow.io
a3798e71-581,9068b4b3-d93,66920b74-8a2,Finance - Innovate One-To-One Interfaces,sprint,active,2025-12-06 10:13:23,2026-01-11,Finance - Procurement,Charles Hernandez,charles.hernandez_1715@techflow.io
49ba67eb-f3d,7ca7db20-8b6,70a7853d-638,Finance - Re-Contextualize Vertical Partnerships,sprint,active,2025-09-21 10:13:23,2025-11-02,Finance - FP&A,Lindsey Gray,lindsey.gray_2874@techflow.io
12e8accb-d3a,99c15e7e-b12,618d51ae-cad,Finance - Redefine Collaborative Channels,sprint,completed,2025-08-06 10:13:23,2025-10-21,Finance - Accounting,Francisco Woodward,francisco.woodward_6268@techflow.io
0e8fc866-1ee,99c15e7e-b12,618d51ae-cad,Finance - Repurpose Innovative Content,sprint,active,2025-12-11 10:13:23,2026-01-13,Finance - Accounting,Francisco Woodward,francisco.woodward_6268@techflow.io
fd461dbe-e03,9068b4b3-d93,66920b74-8a2,Finance - Strategize Visionary Synergies,sprint,active,2025-08-27 10:13:23,2025-09-27,Finance - Procurement,Charles Hernandez,charles.hernandez_1715@techflow.io
dde56934-28b,99c15e7e-b12,618d51ae-cad,Finance - Transform B2C Supply-Chains,sprint,active,2025-08-03 10:13:23,2025-09-04,Finance - Accounting,Francisco Woodward,francisco.woodward_6268@techflow.io
153934ba-2dc,99c15e7e-b12,618d51ae-cad,Finance - Utilize Best-Of-Breed E-Services,sprint,active,2025-07-26 10:13:23,2025-09-26,Finance - Accounting,Francisco Woodward,francisco.woodward_6268@techflow.io
1394eddb-729,7ca7db20-8b6,70a7853d-638,Finance - Utilize Efficient Solutions,sprint,active,2025-10-08 10:13:23,2025-12-09,Finance - FP&A,Lindsey Gray,lindsey.gray_2874@techflow.io
feeb5feb-f27,3ccb5671-b77,d926da20-a6a,HR - Aggregate Vertical Channels,sprint,active,2025-11-02 10:13:23,2025-12-17,HR - Recruiting,Dana Bennett,dana.bennett_747@techflow.io
f1a4550e-244,ff8d51d7-eaa,a2aff9df-792,HR - Harness Global Deliverables,sprint,on_hold,2025-09-30 10:13:23,2025-11-12,HR - L&D,Maria Williams,maria.williams_5760@techflow.io
562ba8e9-0d3,3ccb5671-b77,d926da20-a6a,HR - Innovate Scalable E-Business,sprint,active,2025-08-30 10:13:23,2025-09-29,HR - Recruiting,Dana Bennett,dana.bennett_747@techflow.io
f49005c0-bed,3ccb5671-b77,d926da20-a6a,HR - Optimize Scalable Eyeballs,sprint,on_hold,2025-11-22 10:13:23,2026-02-15,HR - Recruiting,Dana Bennett,dana.bennett_747@techflow.io
8fbfe142-ce3,ff8d51d7-eaa,a2aff9df-792,HR - Scale Intuitive E-Tailers,sprint,active,2025-11-30 10:13:23,2026-02-01,HR - L&D,Maria Williams,maria.williams_5760@techflow.io
e7142991-198,3ccb5671-b77,d926da20-a6a,HR - Syndicate Back-End Platforms,sprint,completed,2025-07-25 10:13:23,2025-10-23,HR - Recruiting,Dana Bennett,dana.bennett_747@techflow.io
c9eb4b2f-b14,27ef1096-b7c,db0e4462-b68,HR - Utilize Cross-Platform Niches,sprint,active,2025-10-24 10:13:23,2025-12-03,HR - People Ops,Gregory Martin,gregory.martin_5637@techflow.io
332b3fbe-740,fbc3bb64-d92,cf46397d-656,Legal - Expedite User-Centric Interfaces,sprint,active,2025-08-03 10:13:23,2025-10-05,Legal - Compliance,Anna Higgins,anna.higgins_2954@techflow.io
dbf2b97a-2d2,fbc3bb64-d92,cf46397d-656,Legal - Incentivize Innovative Convergence,sprint,active,2025-07-13 10:13:23,2025-10-05,Legal - Compliance,Anna Higgins,anna.higgins_2954@techflow.io
543372ac-871,7a561f79-62e,acf8d4b6-02f,Legal - Redefine Clicks-And-Mortar Users,sprint,active,2025-09-20 10:13:23,2025-12-09,Legal - Legal,Jesse Brooks,jesse.brooks_2593@techflow.io
20ca8783-286,f01d211d-225,f894a554-262,Marketing - Cultivate Proactive Architectures,sprint,active,2025-12-12 10:13:23,2026-02-25,Marketing - Events,Ashley Stevens,ashley.stevens_1981@techflow.io
202348c3-7a2,9a138c3a-82b,ecbf4f89-276,Marketing - Enable Proactive Networks,sprint,completed,2025-12-04 10:13:23,2026-03-01,Marketing - Content,Stephanie Livingston,stephanie.livingston_4512@techflow.io
55deb9ab-7df,f01d211d-225,f894a554-262,Marketing - Expedite Ubiquitous Schemas,sprint,active,2025-11-06 10:13:23,2026-01-12,Marketing - Events,Ashley Stevens,ashley.stevens_1981@techflow.io
43324d7b-a4d,c14ea585-522,98fff59b-6fb,Marketing - Expedite Wireless Models,sprint,active,2025-11-01 10:13:23,2025-12-22,Marketing - Product Marketing,Steven Martin,steven.martin_4270@techflow.io
739b911c-b8e,9a138c3a-82b,ecbf4f89-276,Marketing - Incentivize Impactful Metrics,sprint,completed,2025-08-14 10:13:23,2025-10-07,Marketing - Content,Stephanie Livingston,stephanie.livingston_4512@techflow.io
5a8359ce-678,9a138c3a-82b,ecbf4f89-276,Marketing - Incentivize Interactive Applications,sprint,completed,2025-07-30 10:13:23,2025-09-11,Marketing - Content,Stephanie Livingston,stephanie.livingston_4512@techflow.io
99a260fe-15b,4bf6542f-8a1,bac0302d-258,Marketing - Optimize Back-End Action-Items,sprint,active,2025-10-31 10:13:23,2025-12-14,Marketing - Brand,Stacy Taylor,stacy.taylor_2639@techflow.io
65bdfa9a-c14,f01d211d-225,f894a554-262,Marketing - Optimize Global Applications,sprint,active,2025-12-03 10:13:23,2026-02-14,Marketing - Events,Ashley Stevens,ashley.stevens_1981@techflow.io
b06ea457-5b4,9a138c3a-82b,ecbf4f89-276,Marketing - Productize Integrated Experiences,sprint,completed,2025-11-12 10:13:23,2025-12-26,Marketing - Content,Stephanie Livingston,stephanie.livingston_4512@techflow.io
7daca6f3-955,f5bf7d99-7d8,98d9d0f2-d61,Marketing - Reinvent Killer Content,sprint,active,2025-11-12 10:13:23,2026-01-17,Marketing - Demand Gen,Heather Williams,heather.williams_2288@techflow.io
535fbdf2-1fa,c14ea585-522,98fff59b-6fb,Marketing - Repurpose Customized Models,sprint,active,2025-09-12 10:13:23,2025-12-01,Marketing - Product Marketing,Steven Martin,steven.martin_4270@techflow.io
e89ab200-008,f01d211d-225,f894a554-262,Marketing - Streamline Enterprise Users,sprint,active,2025-10-20 10:13:23,2025-11-28,Marketing - Events,Ashley Stevens,ashley.stevens_1981@techflow.io
80133b3f-011,a23f8204-7cc,13d6316a-43b,Operations - Brand Cross-Media Interfaces,sprint,on_hold,2025-11-02 10:13:23,2025-12-23,Operations - Rev Ops,Robin Young,robin.young_400@techflow.io
f8f4b5e1-fac,0426cfba-f6b,78b74b88-7c3,Operations - E-Enable Dot-Com Content,sprint,active,2025-08-13 10:13:23,2025-10-20,Operations - Data Ops,Joshua Reed,joshua.reed_6637@techflow.io
86e3b9dc-664,0426cfba-f6b,78b74b88-7c3,Operations - Enable Cutting-Edge Solutions,sprint,completed,2025-10-03 10:13:23,2025-12-27,Operations - Data Ops,Joshua Reed,joshua.reed_6637@techflow.io
15eb5f7e-833,a23f8204-7cc,13d6316a-43b,Operations - Evolve Leading-Edge Markets,sprint,active,2025-12-05 10:13:23,2026-02-12,Operations - Rev Ops,Robin Young,robin.young_400@techflow.io
d7a580dd-bba,0426cfba-f6b,78b74b88-7c3,Operations - Expedite Extensible Solutions,sprint,on_hold,2025-08-08 10:13:23,2025-09-23,Operations - Data Ops,Joshua Reed,joshua.reed_6637@techflow.io
de76aa69-666,0426cfba-f6b,78b74b88-7c3,Operations - Leverage Integrated Interfaces,sprint,active,2025-10-23 10:13:23,2025-12-16,Operations - Data Ops,Joshua Reed,joshua.reed_6637@techflow.io
c0a8a2df-9e1,c70c8716-7b5,1cd166f8-139,Operations - Maximize E-Business Portals,sprint,on_hold,2025-07-14 10:13:23,2025-08-26,Operations - IT,Ann Parker,ann.parker_5831@techflow.io
7ea625f3-877,c70c8716-7b5,1cd166f8-139,Operations - Redefine Real-Time Channels,sprint,active,2025-12-15 10:13:23,2026-02-25,Operations - IT,Ann Parker,ann.parker_5831@techflow.io
f4990451-d11,c70c8716-7b5,1cd166f8-139,Operations - Strategize Ubiquitous E-Markets,sprint,completed,2025-08-24 10:13:23,2025-11-21,Operations - IT,Ann Parker,ann.parker_5831@techflow.io
04be659b-ee2,c70c8716-7b5,1cd166f8-139,Operations - Streamline Clicks-And-Mortar Partners,sprint,on_hold,2025-10-25 10:13:23,2025-12-19,Operations - IT,Ann Parker,ann.parker_5831@techflow.io
f5d7f2cf-fff,a23f8204-7cc,13d6316a-43b,Operations - Whiteboard Plug-And-Play Markets,sprint,on_hold,2025-09-29 10:13:23,2025-11-13,Operations - Rev Ops,Robin Young,robin.young_400@techflow.io
72ae4268-016,2cd2869c-008,567e2508-bfd,Product - Embrace Bricks-And-Clicks Models,sprint,active,2025-10-28 10:13:23,2025-12-31,Product - Analytics,Austin Perez,austin.perez_7327@techflow.io
f69d8f63-5e9,47315dd4-843,1cf553fd-fd4,Product - Engineer Plug-And-Play Deliverables,sprint,active,2025-07-20 10:13:23,2025-09-14,Product - Growth,Thomas Mcgrath,thomas.mcgrath_4324@techflow.io
222d635c-f4d,46b21eaa-efa,194c7dc9-fe1,Product - Enhance End-To-End Convergence,sprint,completed,2025-12-06 10:13:23,2026-01-23,Product - Core Product,Melissa Patel MD,melissa.patel.md_2387@techflow.io
ac3bff78-72f,47315dd4-843,1cf553fd-fd4,Product - Expedite Leading-Edge Synergies,sprint,active,2025-07-23 10:13:23,2025-10-19,Product - Growth,Thomas Mcgrath,thomas.mcgrath_4324@techflow.io
580c3376-348,217da21a-2fe,555be63c-c6f,Product - Expedite Value-Added Vortals,sprint,on_hold,2025-08-20 10:13:23,2025-10-28,Product - Platform,Christopher Parker,christopher.parker_232@techflow.io
c8b6fa00-a67,217da21a-2fe,555be63c-c6f,Product - Extend Bleeding-Edge Markets,sprint,on_hold,2025-12-18 10:13:23,2026-01-28,Product - Platform,Christopher Parker,christopher.parker_232@techflow.io
8f0574a7-c8c,217da21a-2fe,555be63c-c6f,Product - Optimize B2B Models,sprint,completed,2025-09-28 10:13:23,2025-12-16,Product - Platform,Christopher Parker,christopher.parker_232@techflow.io
98b7f1b4-b04,47315dd4-843,1cf553fd-fd4,Product - Reinvent Efficient Vortals,sprint,completed,2025-07-25 10:13:23,2025-09-18,Product - Growth,Thomas Mcgrath,thomas.mcgrath_4324@techflow.io
77b65108-795,47315dd4-843,1cf553fd-fd4,Product - Reinvent Granular Roi,sprint,active,2025-10-10 10:13:23,2026-01-06,Product - Growth,Thomas Mcgrath,thomas.mcgrath_4324@techflow.io
96be283c-622,217da21a-2fe,555be63c-c6f,Product - Scale Cutting-Edge Interfaces,sprint,on_hold,2025-07-15 10:13:23,2025-08-21,Product - Platform,Christopher Parker,christopher.parker_232@techflow.io
99f5348d-3e3,47315dd4-843,1cf553fd-fd4,Product - Unleash Cutting-Edge Channels,sprint,active,2025-11-13 10:13:23,2025-12-22,Product - Growth,Thomas Mcgrath,thomas.mcgrath_4324@techflow.io
f244b261-f41,87014924-42c,474587e3-d7d,Sales - Disintermediate Interactive Relationships,sprint,active,2025-10-03 10:13:23,2025-11-11,Sales - Partnerships,Benjamin Mosley,benjamin.mosley_5874@techflow.io
36873d14-8ca,330edaf7-32b,269db0a5-85d,Sales - Envisioneer End-To-End Schemas,sprint,completed,2025-11-09 10:13:23,2026-01-25,Sales - SMB,Wesley Jensen MD,wesley.jensen.md_2042@techflow.io
1ba0ecd7-008,9e13efb2-976,af4911f7-d49,Sales - Envisioneer Proactive Vortals,sprint,active,2025-10-28 10:13:23,2025-12-11,Sales - SDR,Chad Rivera,chad.rivera_5082@techflow.io
bbd43858-d90,9e13efb2-976,af4911f7-d49,Sales - Expedite 24/365 Synergies,sprint,active,2025-10-26 10:13:23,2026-01-20,Sales - SDR,Chad Rivera,chad.rivera_5082@techflow.io
ddfe53ef-c97,330edaf7-32b,269db0a5-85d,Sales - Expedite User-Centric Networks,sprint,completed,2025-08-28 10:13:23,2025-10-23,Sales - SMB,Wesley Jensen MD,wesley.jensen.md_2042@techflow.io
3de64a82-24e,bde22508-5f7,6fa73f5b-a17,Sales - Exploit Enterprise Synergies,sprint,on_hold,2025-11-10 10:13:23,2025-12-30,Sales - Enterprise,Scott Brown,scott.brown_4126@techflow.io
2007dfa4-f3c,e5c8351a-36b,d8572904-910,Sales - Grow Front-End Action-Items,sprint,on_hold,2025-10-05 10:13:23,2025-12-17,Sales - Solutions,Matthew Mcmillan,matthew.mcmillan_90@techflow.io
ae1d68e7-f75,bde22508-5f7,6fa73f5b-a17,Sales - Leverage Next-Generation Models,sprint,completed,2025-12-28 10:13:23,2026-02-25,Sales - Enterprise,Scott Brown,scott.brown_4126@techflow.io
57ab17ce-592,e5c8351a-36b,d8572904-910,Sales - Matrix Distributed Channels,sprint,active,2025-10-04 10:13:23,2026-01-01,Sales - Solutions,Matthew Mcmillan,matthew.mcmillan_90@techflow.io
76796779-0b2,87014924-42c,474587e3-d7d,Sales - Optimize E-Business Paradigms,sprint,on_hold,2025-08-04 10:13:23,2025-09-26,Sales - Partnerships,Benjamin Mosley,benjamin.mosley_5874@techflow.io
8fa2296d-5a9,9e13efb2-976,af4911f7-d49,Sales - Orchestrate User-Centric Vortals,sprint,on_hold,2025-11-01 10:13:23,2025-12-18,Sales - SDR,Chad Rivera,chad.rivera_5082@techflow.io
a17c540e-62f,330edaf7-32b,269db0a5-85d,Sales - Reinvent Granular E-Services,sprint,active,2025-09-09 10:13:23,2025-11-06,Sales - SMB,Wesley Jensen MD,wesley.jensen.md_2042@techflow.io
ed92ca82-7f0,9e13efb2-976,af4911f7-d49,Sales - Repurpose B2B Platforms,sprint,on_hold,2025-12-09 10:13:23,2026-01-24,Sales - SDR,Chad Rivera,chad.rivera_5082@techflow.io
ee26ead3-96c,e5c8351a-36b,d8572904-910,Sales - Strategize Turn-Key Architectures,sprint,active,2025-11-30 10:13:23,2026-01-24,Sales - Solutions,Matthew Mcmillan,matthew.mcmillan_90@techflow.io
6c71f7d8-7ce,87014924-42c,474587e3-d7d,Sales - Synthesize Customized Schemas,sprint,active,2025-12-09 10:13:23,2026-01-25,Sales - Partnerships,Benjamin Mosley,benjamin.mosley_5874@techflow.io
74898dc4-69a,330edaf7-32b,269db0a5-85d,Sales - Whiteboard Visionary E-Markets,sprint,active,2025-11-21 10:13:23,2026-02-02,Sales - SMB,Wesley Jensen MD,wesley.jensen.md_2042@techflow.io
